monthly_income,monthly_expense,age,has_smartphone,has_wallet,avg_wallet_balance,on_time_payment_ratio,num_loans_taken,target
-0.6280551899685421,-1.2830165692820552,27,1,1,1.5552617508850237,0.709229581628927,-0.05318726483441437,0
2.31291667712276,-0.08537649319647479,43,1,1,-0.4117267676186529,0.709229581628927,0.4557468000977304,0
-0.7757747875069826,-1.832822310277933,50,1,1,-0.1896582725429727,0.535176521545202,-0.05318726483441437,0
1.8312738210204702,0.7497456989798329,46,1,1,1.2401039371665077,0.8397693766917207,-0.5621213297665592,0
0.9328189542285528,0.4774266492527376,34,1,1,0.7912564031802086,1.144362231838239,-1.5799894596308486,0
-0.8083382258421098,-1.2003343046150592,30,1,1,0.8251274564695296,0.44814999150334,-0.05318726483441437,0
2.3646234701155073,1.9370504919820388,43,1,1,1.5604209179423374,1.0573357017963765,-1.0710553946987038,0
1.5016923542346376,-0.7075292157759742,48,1,0,1.5617667876094627,1.144362231838239,-0.05318726483441437,0
0.007227888824029418,-0.9286416356808956,32,1,1,1.9908748998112569,0.4916632565242713,0.4557468000977304,0
1.6864158589720863,-0.0141256780004838,32,1,1,1.7667876002348888,0.4916632565242713,-1.0710553946987038,0
2.6008070751310433,0.23094580723407862,31,1,1,1.4191046028941772,1.18787549685917,-1.5799894596308486,0
2.6008070751310433,1.8999374300008303,34,1,1,0.9664437715176897,1.2313887618801014,-0.05318726483441437,0
-0.8265934867269538,0.12931552358089587,40,0,0,-0.745951068288111,-0.6831948990408713,1.4736149299620198,1
-1.0472354507189061,-0.5099060756059948,34,1,0,-0.6945837093261608,-0.2045489838106281,1.9825489948941646,1
-1.8674393884206544,-1.8666468730962498,29,0,0,-0.9660007588631032,-0.3350887788734218,1.9825489948941646,1
-0.763834860117436,-0.07128292535550955,50,1,1,-0.6385058065292718,-0.16103571878969686,0.4557468000977304,1
-1.560948359727003,-1.6954883214276384,22,1,0,-0.8316381037617573,-1.4229204043967019,0.9646808650298752,1
-1.6841960399711662,-1.4087625134631119,43,1,0,-0.8069638265311262,-2.07561937971067,0.4557468000977304,1
-0.827777611757322,-0.029785197823778524,53,0,0,-0.6945837093261608,-1.2488673443129772,1.4736149299620198,1
-1.4565480028828681,-1.0600250069983383,46,0,1,-0.6741713527080931,-0.03049592372690362,1.4736149299620198,1
0.08202511990895785,0.40805497643554195,28,0,0,-0.9195682553472792,0.5786897865661332,-0.05318726483441437,1
-0.4442197790038698,0.514539711233946,48,1,0,-0.12550515174333177,-3.0329112101711564,1.9825489948941646,1
1.5151124379121446,-0.5457663760013397,28,1,1,0.12303211345248004,0.4046367264824088,-1.5799894596308486,0
0.5257759750394634,-0.20893010460227016,45,1,1,-0.4657858659148539,0.5786897865661332,-1.5799894596308486,0
-1.1763050790290466,-0.5194583826982045,32,1,1,-0.721725414279855,-0.11752245376876562,0.9646808650298752,1
1.407159705976905,0.354499418639874,39,0,1,0.9101415571096132,1.0138224367754456,-1.5799894596308486,0
0.4591689420812487,-0.9563589857681274,42,1,1,1.79235912391027,0.9703091717545145,-1.0710553946987038,0
0.02795007685547397,0.4166677123383541,58,1,0,-0.6174205150776415,0.1000438713358901,1.9825489948941646,0
1.7027962552255138,1.5302161669728418,49,1,1,1.0148950795342018,0.7962561116707895,0.4557468000977304,0
1.5328743133676686,1.1579893807731263,39,1,1,0.20109255414574945,-0.03049592372690362,0.9646808650298752,0
1.589317606481889,1.624486476309076,41,1,1,-0.05372543616331391,0.709229581628927,0.4557468000977304,0
1.0274502795721496,2.3180466092827996,29,0,0,-0.10105518612388818,1.0138224367754456,0.4557468000977304,0
2.1013530050302975,1.8717502943189,30,1,0,-0.144571638694274,0.8832826417126519,-1.0710553946987038,0
0.019069139127712017,1.2389490982595601,41,1,0,-0.6048590648511384,-0.2045489838106281,1.4736149299620198,1
0.19353022693530234,-1.1223498958950515,26,1,1,-0.4076891586172769,0.4046367264824088,0.4557468000977304,0
-0.8441580080107496,-0.7805025781525275,30,0,0,-0.381893323330708,-2.293185704815326,1.9825489948941646,1
-0.1066454682630516,-0.9225344229498108,25,1,0,-0.3240209276443186,0.7527428466498582,-1.5799894596308486,0
1.1307651884717802,0.08656503446330127,49,1,1,1.7647687957342006,0.44814999150334,0.4557468000977304,1
-0.6750254828398164,-0.7429197305766203,37,1,1,-0.7802707447998071,0.709229581628927,1.9825489948941646,1
-0.5777298761778911,-0.0764505668971968,49,0,0,-0.1542170379753389,-0.9442744891664587,1.4736149299620198,1
-1.410564480870234,-0.9994226652821878,25,1,1,-0.004825504924426752,0.7962561116707895,0.9646808650298752,0
0.20961459193113788,0.07951825054281865,47,1,1,1.9931180159231325,0.709229581628927,-1.0710553946987038,0
0.5538002674248454,0.3759529607977878,41,1,1,1.2593947357286375,0.9703091717545145,0.4557468000977304,0
1.371438600894129,-0.4806227735364336,25,1,1,0.2818447341732695,0.9703091717545145,-0.5621213297665592,0
1.3239749225935347,-0.6243771655142792,32,1,1,1.9789863844183164,1.144362231838239,-0.05318726483441437,0
1.1281995842393158,-0.8008599539228107,50,1,1,0.2986681050123362,0.709229581628927,-0.5621213297665592,0
0.8210178159446162,-0.44413609234815693,30,1,1,1.1734833886438036,0.6222030515870645,-1.0710553946987038,0
0.56495077812748,-0.728826162735655,28,1,1,1.8107526760276496,1.0138224367754456,-1.0710553946987038,0
-0.14187318791650733,-0.023208199497994738,33,1,1,1.3345391254764687,0.3176101964405463,0.4557468000977304,1
0.9864992889385805,-0.7947527411917258,27,1,1,1.3749152154902289,0.709229581628927,-1.0710553946987038,0
0.7693110229518688,0.1393376162678045,51,1,1,0.7506560015552611,0.7962561116707895,-0.05318726483441437,0
0.27010364556578315,-1.3351627702936268,37,1,1,-0.3504896977644502,0.535176521545202,-0.5621213297665592,0
0.497060943053033,-0.53887618727909,39,1,1,-0.15085236380752556,0.8832826417126519,0.4557468000977304,0
1.5048500209822864,0.7497456989798329,46,1,1,1.7113826322715624,1.0138224367754456,-1.5799894596308486,0
0.5462021318133158,0.3496449674946526,44,1,1,0.47295822690506706,1.2749020269010327,-1.5799894596308486,0
-0.39004605886452187,-0.5972861962199794,46,1,1,0.78654585934527,1.18787549685917,0.9646808650298752,1
0.9816641117312435,0.03723754701992289,52,1,1,1.2562543731720117,0.535176521545202,0.4557468000977304,0
1.9639945015075793,2.2410017717521895,32,1,1,1.4850522165833187,0.5786897865661332,0.9646808650298752,1
0.15109908001377303,-0.3478300454348944,55,1,1,0.7766761484530176,0.44814999150334,-0.05318726483441437,0
1.1638220122362275,0.07716932256932445,48,1,1,1.5099508054251374,0.3176101964405463,0.4557468000977304,0
1.3673928403737041,0.7401933918876231,23,1,1,1.565131461777276,0.5786897865661332,0.4557468000977304,0
2.6008070751310433,0.9945039938179294,40,1,1,1.3778312664356671,0.709229581628927,-1.5799894596308486,0
0.7536213662994894,-0.5064609812448699,30,1,1,1.6265928432426664,0.8397693766917207,-1.0710553946987038,0
0.11004941229434001,-0.9241003749321403,39,1,1,0.4303390207794314,1.144362231838239,-0.05318726483441437,0
0.9782104137260027,0.4171374979330529,44,1,1,1.6214336761853525,0.6222030515870645,-0.05318726483441437,0
0.519954026973486,-0.3082114602819587,47,1,1,2.1001146544595968,0.535176521545202,-1.0710553946987038,0
1.5008042604618614,1.5977086974112422,50,1,1,-0.24214718956086076,0.6222030515870645,-0.05318726483441437,0
0.49252179710328803,-1.0620607445753667,40,1,1,0.7881160406235829,0.44814999150334,-0.05318726483441437,0
0.7628970123707074,0.8148893014447389,43,1,1,2.041793635550832,1.0573357017963765,-0.5621213297665592,0
0.6856328541391784,-1.0332472281005045,54,1,1,-0.03892086982493523,0.4046367264824088,-0.05318726483441437,0
-0.5167474371139257,-0.18168254010973736,37,1,0,0.04631754242633596,0.7962561116707895,1.9825489948941646,1
-0.3364644012403581,-0.4474245915110488,27,1,0,0.028596925142519058,0.5786897865661332,1.9825489948941646,1
-0.7161738276451135,0.1419997346377646,51,1,0,-0.30091683169200034,-2.4237254998781195,1.9825489948941646,1
-0.9890159700591334,-0.4195506462255842,43,0,0,-0.9736273536434801,-1.031301019208321,1.9825489948941646,1
-1.6540995287826394,-1.9228645492618777,37,0,0,-0.9038664425641503,-0.552655103978078,1.9825489948941646,1
-0.7434087033435834,-0.27814518222123286,33,1,1,-0.6889759190464718,-0.7267081640618025,1.9825489948941646,1
-0.11128329129866062,1.292504656055228,38,1,0,-0.8459940468777609,-0.7702214290827337,0.4557468000977304,1
0.26329492664116566,0.47319857890044803,41,1,0,-0.6714796133738425,-0.5961683689990088,1.9825489948941646,1
-0.9435258334758194,-0.7507494904882677,47,0,0,-0.3296287179240075,-0.03049592372690362,1.9825489948941646,1
0.28500388553125044,1.3698626839823038,40,1,0,-0.8085340078094391,-0.5961683689990088,1.9825489948941646,1
-0.15578665702333439,0.2547482773654866,57,0,1,-0.1510766754187131,-0.63968163401994,1.9825489948941646,1
-1.1738381518824461,-0.41594895666622644,22,0,0,-0.747969872788799,-1.4664336694176332,1.9825489948941646,1
-1.6299236427459542,-1.915661170143162,44,1,0,-0.6436649735865856,-1.901566319626945,1.9825489948941646,1
-0.6926886812094764,-0.9161140198222599,31,0,1,-0.6539833077012132,-0.7702214290827337,0.4557468000977304,1
-0.15578665702333439,0.8336807252326925,30,1,0,-0.33590944303725906,-1.6404867295013579,1.9825489948941646,1
-0.5371735938877782,-0.3584785189147348,30,0,0,-0.9568039828044135,-0.5091418389571468,1.9825489948941646,1
-0.9216195204140066,-0.9815708126836319,46,1,0,-0.2109678756057905,-0.4221153089152843,0.4557468000977304,1
-1.7042274884015625,-1.515403843459749,30,0,0,-0.8744816214985804,-2.5977785599618444,1.9825489948941646,1
0.05755320261468047,1.1810088749133696,31,1,0,-0.5104238765411775,0.1000438713358901,1.9825489948941646,1
-0.6542046177225079,0.024240145566588274,39,1,0,-0.4752069535847312,-1.8580530546060139,0.9646808650298752,1
0.2038913209510246,1.624329881110843,58,1,0,-0.7280061393931065,-0.9007612241455275,0.4557468000977304,1
-0.704628608599023,-0.0764505668971968,48,1,0,-0.711631391776415,-1.5534601994594954,1.9825489948941646,1
-1.369218781893209,-1.51493405786505,52,0,1,-0.8076367613646889,-2.07561937971067,1.9825489948941646,1
-1.4360231690231515,-1.7515494023950335,26,0,0,-0.7001914996058496,-0.16103571878969686,-0.05318726483441437,1
-0.6399951173580888,0.25443508696902073,57,1,0,-0.5649315980597535,-2.9458846801292937,1.9825489948941646,1
-0.19713235600035947,0.2996910992583425,48,1,1,0.01782996780551638,0.05653060631495886,1.9825489948941646,1
-0.3751458188990546,0.16830772794089974,57,1,0,-0.01447090420549165,-1.6404867295013579,1.9825489948941646,1
-0.7980758089122515,-0.5924317450747579,43,0,0,-0.8251330670373181,-2.07561937971067,0.4557468000977304,1
-0.5569090110605825,0.6694123622863309,34,0,0,-0.34510621909594885,-2.9458846801292937,-0.05318726483441437,1
-0.10852033289446801,0.48322067158735665,25,0,0,0.01356804719295282,-1.7275132595432203,1.9825489948941646,1
0.49005486995668746,0.6371537514503438,58,1,0,-0.64142185747471,-0.3350887788734218,1.9825489948941646,1
-0.3721855063231339,0.918398727476717,42,1,0,-0.7861028466906835,0.013017341294027622,1.9825489948941646,1
-1.3496807188921327,-1.4657631656199048,48,0,1,-0.2526898352866759,-2.6412918249827757,1.9825489948941646,1
-0.6541059406366438,-0.07206590134667427,44,0,0,-0.7926078834151226,-1.2053540792920459,1.9825489948941646,1
-0.5666780425611206,0.4158847363471893,36,0,1,-0.907006805120776,-1.031301019208321,1.9825489948941646,1
1.1539543036498254,0.8336807252326925,44,1,1,1.9121415242844249,0.9267959067335831,-0.05318726483441437,0
-0.9676030424266407,-0.779249816566664,28,0,0,-0.9478315183569112,0.7962561116707895,-1.5799894596308486,0
-1.7668874379252164,-1.5309067680848107,42,0,0,-0.9814782600350446,-2.2061591747734632,1.9825489948941646,1
-0.513688447452141,-0.24682614257464341,30,1,1,-0.1851720403192216,0.1000438713358901,0.4557468000977304,1
0.39414074249685843,-0.35644278133770646,39,1,1,0.6447809210747347,1.18787549685917,-1.0710553946987038,0
-0.9379999166674342,-0.5130379795706537,33,1,0,-0.7683822294068666,-1.2488673443129772,1.4736149299620198,1
1.775619944593162,0.6927450468230401,52,1,1,0.3307446654121567,0.18707040137775258,0.9646808650298752,1
2.6008070751310433,2.055123271449681,49,1,1,-0.09544739584419928,0.8397693766917207,-0.5621213297665592,0
0.22638969652802157,0.7240640864696295,37,0,1,1.0485418212123352,0.535176521545202,0.4557468000977304,0
-1.4412530545739448,-1.4526091689683371,29,1,1,-0.588932940456822,-1.6404867295013579,1.9825489948941646,1
0.9368647147489776,0.14466185300772472,43,1,1,1.42987156023118,1.2749020269010327,-1.0710553946987038,0
0.09810948490479338,0.9276378441724609,22,1,0,-0.7235199071693554,-1.1618408142711147,0.9646808650298752,1
0.3645376167376519,0.14466185300772472,57,1,1,1.2504222712811353,0.44814999150334,-0.05318726483441437,0
-0.5531592817977496,-0.07457142451840143,25,0,0,-0.9029691961194001,-2.119132644731601,1.9825489948941646,1
2.1111220365308356,1.8672090335701443,48,1,1,1.7887701381312693,1.1008489668173076,-1.5799894596308486,0
-1.7175488949932054,-1.7501400456109368,56,0,0,-0.8356757127631333,-2.2496724397943946,1.4736149299620198,1
1.3513084753778686,0.8493402450559873,27,1,1,0.577487437718468,1.144362231838239,-1.0710553946987038,0
-0.928132208081032,-1.0454616535626744,22,1,1,-0.2524655236754883,0.44814999150334,-1.5799894596308486,0
-0.4643499045201302,0.14466185300772472,43,1,0,-0.3870524903880218,-0.813734694103665,1.9825489948941646,1
0.9862032576809885,0.6301069675298612,38,1,1,1.160697626806113,0.9703091717545145,-1.0710553946987038,0
0.6112303313977061,1.3504448794014186,41,0,1,0.5101939543622013,0.3176101964405463,1.4736149299620198,1
-0.7603811621121952,-0.21550710292805395,24,0,0,-0.959047098916289,-1.0748142842292523,1.9825489948941646,1
2.6008070751310433,2.728482623851354,50,1,1,2.812472253688477,0.8397693766917207,-0.05318726483441437,0
-0.23739260703288032,0.5518093684133876,45,1,1,-0.14030971808171044,-0.2915755138524906,1.9825489948941646,1
0.4336115768424671,0.11334281336113526,32,1,1,1.6541831714187356,1.1008489668173076,-1.5799894596308486,0
-0.8590582479762169,-0.16852854345816978,29,1,0,-0.8132445516443777,-1.4229204043967019,1.9825489948941646,1
0.13758031925040204,-0.5443570192172431,30,1,1,1.0709729823310907,1.18787549685917,-0.5621213297665592,0
-0.4742176131065323,0.06636425389125108,28,1,0,-0.7683822294068666,-0.16103571878969686,1.4736149299620198,1
1.252631389513847,0.9276378441724609,54,1,1,2.812472253688477,0.8832826417126519,-1.0710553946987038,0
0.2559928222872281,0.583128408059977,35,1,1,0.8017990489060238,0.9703091717545145,-0.5621213297665592,0
-0.6222332419025649,0.22295945212419832,23,0,0,-0.8693224544412667,-2.07561937971067,1.9825489948941646,1
2.4170210027093026,1.381763919048008,47,1,1,2.170099877150114,0.9267959067335831,-1.0710553946987038,0
-0.750513453525793,-0.19984758310475922,21,1,0,-0.8805380350006444,-0.6831948990408713,1.9825489948941646,1
1.1046157607178144,1.0059354432889345,57,1,1,1.42987156023118,0.7962561116707895,-0.05318726483441437,0
-0.35580511006970633,0.16032137283101944,33,0,0,-0.8468912933225111,-0.9007612241455275,1.9825489948941646,1
0.6507011657433148,-0.09023094434169616,36,1,1,1.3850092379936687,1.2313887618801014,-0.5621213297665592,0
-0.5926301161433584,0.06636425389125108,25,0,0,-0.9478315183569112,-0.9442744891664587,1.9825489948941646,1
1.9236355733891943,1.7106138353371971,51,1,1,2.439273810575181,1.0573357017963765,-1.0710553946987038,0
0.1277126106639999,0.4578522494736192,34,1,1,1.0261106600935797,0.6657163166079958,0.4557468000977304,0
-1.1156186712226732,-0.34078326151441174,29,0,0,-0.9926938405944223,-1.3358938743548394,1.4736149299620198,1
0.4336115768424671,1.1625306415218817,38,1,1,0.5550562765997125,-0.4221153089152843,1.9825489948941646,1
0.13758031925040204,-0.24682614257464341,44,1,1,1.9233571048438027,0.8832826417126519,-0.5621213297665592,0
0.7099074172617278,1.381763919048008,40,1,0,-0.745951068288111,-0.63968163401994,1.9825489948941646,1
1.193425137995434,0.25427849177078776,49,1,1,1.6093208491812245,1.144362231838239,-1.0710553946987038,0
-0.5926301161433584,0.44219272965032447,28,1,0,-0.8468912933225111,-1.9885928496688074,1.4736149299620198,1
0.5914949142249017,0.7710426459395137,46,1,1,1.542027365824958,0.8832826417126519,-0.5621213297665592,0
-0.750513453525793,0.23861897194749304,24,0,0,-0.9029691961194001,-1.6404867295013579,1.9825489948941646,1
1.6966782759019445,1.4287424785178922,54,1,1,2.6187230995252255,1.1008489668173076,-0.05318726483441437,0
0.4237438682560649,0.34823561071055614,38,1,1,1.1382664656873573,0.9703091717545145,-0.05318726483441437,0
-0.9774707510130429,-0.2938047020445276,33,0,0,-0.8132445516443777,-1.8145397895850826,1.9825489948941646,1
2.5058303799869224,2.41529222738546,51,1,1,2.812472253688477,0.9267959067335831,-0.5621213297665592,0
-0.158450938341663,0.09768329353784053,30,1,1,0.7120744044310015,1.0573357017963765,-1.0710553946987038,0
-0.750513453525793,0.19164041247760888,26,0,0,-0.9478315183569112,-1.2488673443129772,1.4736149299620198,1
0.7592459601937386,0.583128408059977,41,1,1,2.327118004981403,1.144362231838239,-1.0710553946987038,0
-0.5334238646249454,0.3952141701804403,23,1,1,-0.8356757127631333,-1.7710265245641514,1.9825489948941646,1
1.90390015621639,1.7106138353371971,50,1,1,2.812472253688477,1.0138224367754456,-1.0710553946987038,0
0.14744802783680422,-0.10589046416499089,27,1,1,0.9812483378560684,1.18787549685917,-0.5621213297665592,0
-0.2965988585512933,-0.07457142451840143,24,1,0,-0.7235199071693554,-0.4221153089152843,1.4736149299620198,1
1.2822345152730534,0.864999764879282,47,1,1,1.2055599490436242,0.9267959067335831,-0.5621213297665592,0
1.3499269961757723,0.7322070367777428,38,1,1,1.6662959984228638,0.9267959067335831,-1.0710553946987038,0
2.513527192684316,2.5914618253975252,54,1,1,2.812472253688477,1.1008489668173076,-0.5621213297665592,0
0.37460267949578213,0.03019076309944027,29,1,1,0.8080797740192753,0.4916632565242713,-0.05318726483441437,0
0.6507998428291788,-0.057972333505709024,42,1,1,1.4125995661697381,0.6222030515870645,-0.5621213297665592,0
1.257071858377728,-0.07629397169896386,49,1,1,1.4879682675287569,1.2749020269010327,-0.05318726483441437,0
1.7569699753648618,1.0823539000266127,48,1,1,2.6678473423753,0.9703091717545145,-0.05318726483441437,0
0.4754506612488123,-0.28206006217705654,27,1,1,0.6927836058688717,1.18787549685917,-1.0710553946987038,0
-0.46800095669709896,-0.506304386046637,24,1,0,-0.6936864628814106,-0.11752245376876562,1.9825489948941646,1
-0.8347836848536676,-0.38525629781256876,28,0,0,-0.8845756440020205,-1.2053540792920459,1.9825489948941646,1
-1.6953465506738006,-1.4061003950931519,26,0,0,-0.9556824247484756,-1.5969734644804265,1.4736149299620198,1
-0.5885843556229334,0.11584833653286242,23,0,0,-0.7612042578488648,-1.1183275492501834,1.9825489948941646,1
0.17675512233841867,0.6943109988053695,44,1,0,-0.7071451595526639,-0.37860204389435304,1.9825489948941646,1
-0.6880508581738674,-0.015378439586347378,29,1,1,-0.5750256205631935,-1.4664336694176332,1.9825489948941646,1
0.4344996706152433,1.0771862584849254,42,1,0,-0.737875850285359,-0.2915755138524906,1.9825489948941646,1
-1.397341751364455,-0.7862966004871467,31,0,0,-0.9426723512995974,-2.2061591747734632,1.4736149299620198,1
1.8841647390435858,1.0497820987941597,41,1,1,1.9877345372546311,0.6657163166079958,-0.05318726483441437,0
0.7297415115203961,-0.20329267746588406,51,1,1,1.6775115789822415,0.9267959067335831,-0.5621213297665592,0
-0.7639335372033,-0.28910684609753917,29,1,0,-0.8186280303128791,-0.9442744891664587,1.9825489948941646,1
-0.39813757990537163,0.176450678249013,25,1,0,-0.8899591226705218,-0.7702214290827337,1.4736149299620198,1
0.42078355568014425,0.4360855169192395,33,1,1,0.8273705725814051,0.27409693141961505,0.4557468000977304,1
2.3481443967762154,1.9110556890753696,45,1,1,2.6617909288732364,1.0138224367754456,-0.5621213297665592,0
0.29960809423912566,0.7317372511830439,40,1,1,0.9857345700798196,0.7962561116707895,-0.05318726483441437,0
0.1309689544975126,0.6905527140477787,32,1,1,1.4855008398056937,0.27409693141961505,0.4557468000977304,1
-1.2220912468699527,-0.40389112640228947,26,0,0,-0.940877858410097,-1.9450795846478763,1.4736149299620198,1
1.421467883427188,0.3183259278480632,46,1,1,1.6956808194884336,0.8397693766917207,-0.5621213297665592,0
0.246618499130146,-0.014908653991648535,30,1,1,1.1378178424649823,1.144362231838239,-0.5621213297665592,0
-0.80932499670075,-0.07504121011310028,34,0,0,-0.5503513433325624,0.05653060631495886,1.9825489948941646,1
1.2148380656279267,0.7845098329875472,39,1,1,1.2807043387914554,0.535176521545202,-0.05318726483441437,0
2.5199412032654775,2.33668143787252,47,1,1,2.812472253688477,1.144362231838239,-1.0710553946987038,0
1.8481476027032178,1.5770381312444932,53,1,1,2.812472253688477,0.9267959067335831,-0.5621213297665592,0
-0.2195320544914924,0.11522195573993062,27,0,1,0.420469309887179,0.9703091717545145,-1.0710553946987038,0
-0.8479077372735825,-0.2825298477717554,25,0,0,-0.9061095586760258,-0.98778775418739,1.9825489948941646,1
0.09781345364720131,0.3491751818999538,41,1,0,-0.7407919012307972,-0.16103571878969686,1.9825489948941646,1
-1.337148728987402,-0.7934999796058623,26,0,0,-0.9637576427512277,-2.07561937971067,1.4736149299620198,1
-0.1826268243783483,0.9993584449631507,34,1,0,-0.9361673145751583,-0.7267081640618025,1.9825489948941646,1
1.352591277494101,0.9265416777848303,44,1,1,1.9022718133921723,1.0573357017963765,-0.5621213297665592,0
1.075703374559656,0.8004825432073077,52,1,1,1.1963631729849344,0.709229581628927,-0.5621213297665592,0
0.32348794901821887,0.66032984078882,33,1,1,1.4011596739991727,0.44814999150334,0.4557468000977304,1
-0.504314124295059,0.556350629162143,28,0,0,-0.975197534921793,-1.8580530546060139,1.4736149299620198,1
-0.5524685421967015,0.4681875325569937,22,1,0,-0.753577663068488,-0.46562857393621554,1.9825489948941646,1
0.9826508825898836,0.42120897308710953,45,1,1,1.5743282378359658,1.18787549685917,-0.5621213297665592,0
1.4323223628722306,0.8520023634259474,46,1,1,2.3656996021056624,1.0573357017963765,-1.0710553946987038,0
-0.6572636073842926,-0.039963885708920094,26,1,0,-0.6286360956370194,-1.683999994522289,1.9825489948941646,1
-1.3398130103057304,-1.1528859595504761,38,0,0,-0.9227086179039049,-2.032106114689739,1.4736149299620198,1
2.6008070751310433,2.4306385568122884,55,1,1,2.812472253688477,0.8832826417126519,-0.05318726483441437,0
1.3817996949098514,1.1872726828426874,48,1,1,1.3388010460890323,0.6222030515870645,-0.05318726483441437,0
0.6409321342427766,0.26289122767359985,36,1,1,0.7625445169482016,1.0138224367754456,-1.0710553946987038,0
0.13659354839176183,0.6183623276623901,39,1,1,1.0575142856598374,0.8397693766917207,-0.5621213297665592,0
-1.1521291929923612,-0.7765876981967039,26,0,0,-0.9476072067457236,-0.813734694103665,1.4736149299620198,1
-0.7894909024420816,0.029564382306508482,23,0,0,-0.8942210432830854,-1.3794071393757705,1.9825489948941646,1
0.44387399377232534,-0.04763705042233451,29,1,1,0.8417265156974088,1.1008489668173076,-0.5621213297665592,0
2.3194293647897855,2.152368889552341,52,1,1,2.7528614430153837,0.7962561116707895,0.4557468000977304,0
2.44099953457426,1.7990901223388123,49,1,1,2.812472253688477,0.9267959067335831,-0.05318726483441437,0
0.6228742275296607,0.35935386978509537,31,1,1,0.7636660750041393,0.709229581628927,-0.5621213297665592,0
0.16718344500960855,0.3197352846321597,48,1,0,-0.5669504025604415,-0.3350887788734218,1.9825489948941646,1
-0.25604257626118043,0.2619516564842022,25,1,0,-0.8092069426430017,-1.5534601994594954,1.4736149299620198,1
-0.691208524921516,0.23955854313689073,30,0,0,-0.9366159377975334,-1.7710265245641514,1.9825489948941646,1
0.7175055528732575,0.15076906573880966,27,1,1,1.6241254155196032,1.144362231838239,-1.0710553946987038,0
0.34569029333762374,0.11240324217173757,36,1,1,0.993585476471384,0.8832826417126519,-0.05318726483441437,0
-1.309716499117204,-0.672451891371794,21,0,0,-0.9518691273582872,-2.119132644731601,1.9825489948941646,1
-0.32699140099741203,0.40507966766911596,30,0,0,-0.87268712860908,-1.1618408142711147,1.9825489948941646,1
2.1201016513444615,1.6648880374531765,50,1,1,2.3185941637562757,0.709229581628927,-0.05318726483441437,0
1.825846581297949,1.2668230435450247,57,1,1,1.9798836308630667,0.9703091717545145,-1.0710553946987038,0
0.07284815092360383,0.4876053371378792,32,1,1,1.3385767344778448,0.6657163166079958,-0.5621213297665592,0
-1.1361435050823898,-0.6726084865700269,23,0,0,-0.9543365550813503,-1.7275132595432203,1.4736149299620198,1
-0.5320423854228491,0.4121264515895986,27,1,0,-0.8296192992610694,-1.5534601994594954,1.4736149299620198,1
2.6008070751310433,2.399789302760398,49,1,1,2.812472253688477,0.9267959067335831,-0.05318726483441437,0
0.6433990613893772,0.31394126229754066,39,1,1,0.9043094552187367,1.0138224367754456,-0.5621213297665592,0
0.45344567110113543,0.5078061177099293,35,1,1,0.7295707101036308,0.7962561116707895,-0.05318726483441437,0
-0.7850504335782006,0.07529018019052908,26,0,0,-0.9402049235765343,-1.901566319626945,1.9825489948941646,1
0.009694815970629959,0.5073363321152305,45,0,1,0.44850826128562343,1.0573357017963765,-1.0710553946987038,0
-0.8576767687741206,-0.34704706944372965,22,0,0,-0.8960155361725858,-0.9442744891664587,1.9825489948941646,1
0.3434207203627513,0.6907093092460117,33,1,1,1.134453168297169,1.0138224367754456,-0.5621213297665592,0
-0.19506013719721502,0.26711929802588946,38,1,1,0.8589985097588505,0.7962561116707895,-0.05318726483441437,0
0.5411696004342507,0.05461961402378004,34,1,1,0.9998662015846356,1.1008489668173076,-0.5621213297665592,0
-0.3447532764529359,0.9830725443469243,31,1,0,-0.7789248751326817,-0.37860204389435304,1.9825489948941646,1
0.09554388067232882,0.22233307133126654,29,1,1,1.2685915117873274,0.6222030515870645,-0.05318726483441437,0
2.3282116254316834,2.0244306125960234,48,1,1,2.5996566125742833,0.8397693766917207,0.4557468000977304,0
2.1615460274073506,1.5997444349882706,53,1,1,2.44667609374437,0.7527428466498582,-0.05318726483441437,0
0.169156986726889,0.553375320395717,32,1,1,1.1205458484035404,0.6657163166079958,-1.0710553946987038,0
-1.13713027594103,-0.6794986752922766,25,0,0,-0.9727301071987299,-1.7710265245641514,1.9825489948941646,1
-0.5027352909212346,0.5229958519385253,28,0,0,-0.6853869332674709,-0.11752245376876562,1.4736149299620198,1
0.7315176990659485,0.3571615370098341,50,1,1,1.0640193223842764,0.8832826417126519,-0.5621213297665592,0
1.3400592875893702,0.8432330323249023,45,1,1,1.8684007601028514,0.9703091717545145,-0.5621213297665592,0
0.2346785717405994,0.6891433572636823,38,1,1,1.2670213305090146,0.6222030515870645,-0.05318726483441437,1
-1.3536278023266934,-0.785200434099516,24,0,0,-0.9532149970254126,-2.119132644731601,1.9825489948941646,1
0.14162607977082695,0.5845377648440735,29,1,1,1.1454444372453592,0.36112346146147756,0.4557468000977304,1
1.0377126965020078,0.624782730789941,48,1,1,2.010390009984574,1.0573357017963765,-1.0710553946987038,0
2.322192323193978,2.272477406597012,51,1,1,2.7625068422964487,0.9703091717545145,-0.05318726483441437,0
-0.6860773164565869,0.26477037005239523,36,0,0,-0.8953426013390231,-1.1183275492501834,1.9825489948941646,1
-0.06914817563472336,0.277297985911031,37,1,1,0.6059750123392876,0.9267959067335831,-0.5621213297665592,0
2.4672476394140896,1.9641414612763388,55,1,1,2.812472253688477,1.0138224367754456,-0.05318726483441437,0
0.4401242645094925,0.21998414335777233,35,1,1,0.7683766188390779,0.7527428466498582,-0.5621213297665592,0
-0.42379362223001726,0.8513759826330156,24,1,0,-0.7852056002459332,-0.9442744891664587,1.9825489948941646,1
-0.8208702157468405,-0.05781573830747608,22,0,0,-0.9092499212326516,-2.07561937971067,1.9825489948941646,1
-0.2933425147177806,0.274322677144605,33,0,0,-0.8309651689281946,-0.46562857393621554,1.4736149299620198,1
2.5172769219471487,2.015661281494978,48,1,1,2.812472253688477,0.9267959067335831,-0.05318726483441437,0
0.3725304606926377,0.3468262539264596,41,1,1,0.917319528667615,1.0573357017963765,-0.5621213297665592,0
-0.6869654102293631,0.2394019479386578,26,0,0,-0.898931587118024,-1.901566319626945,1.9825489948941646,1
0.013641899405190826,0.5120341880622189,32,1,1,1.2143081018799389,0.709229581628927,-0.05318726483441437,0
-0.7996546422860759,-0.18810294323728818,28,0,0,-0.8648362222175155,-1.2488673443129772,1.9825489948941646,1
0.8284185973844178,0.42935192339522277,35,1,1,1.4922301881413205,1.1008489668173076,-1.0710553946987038,0
1.4411046235141285,0.4664649853764313,40,1,1,1.3926358327740458,0.9703091717545145,-0.5621213297665592,0
-0.8570847062589364,-0.3771133475044555,26,0,0,-0.9285407197947814,-1.683999994522289,1.9825489948941646,1
0.5777787992898028,0.14513163860242353,35,1,1,0.8625874955378514,0.6222030515870645,-0.05318726483441437,0
2.3625512513123628,2.2915820207814313,49,1,1,2.7761898505788896,1.0138224367754456,-0.5621213297665592,0
0.21099607113323418,0.6820965733431996,29,1,0,-0.7585125185146141,-0.9442744891664587,1.4736149299620198,1
-0.2487404719072428,0.1827144861783309,31,0,1,0.1297614617881067,0.7527428466498582,-1.0710553946987038,0
2.530499651452928,2.6019537036791327,51,1,1,2.812472253688477,0.8397693766917207,-0.05318726483441437,0
-0.5641124383286561,0.07748251296579034,25,1,0,-0.8715655705531422,-1.2488673443129772,1.9825489948941646,1
-1.2943228737224166,-0.7194304508416782,27,0,0,-0.9642062659736028,-2.07561937971067,1.9825489948941646,1
2.118522817970637,1.5875300095261007,42,1,1,2.6759225603780523,1.144362231838239,-1.0710553946987038,0
1.1922410129650658,0.847304507478959,45,1,1,1.4119266313361756,0.44814999150334,0.4557468000977304,1
-0.14700439638143648,0.31863911824452906,28,1,0,-0.689424542268847,-0.46562857393621554,1.4736149299620198,1
0.5316966001913046,0.9458028871674828,37,1,1,1.160697626806113,1.0573357017963765,-0.5621213297665592,0
2.6008070751310433,2.192457260299976,50,1,1,2.812472253688477,0.9703091717545145,-0.05318726483441437,0
-0.5619415424396477,0.3379003276271816,23,1,0,-0.8509289023238871,-0.7702214290827337,1.9825489948941646,1
0.13758031925040204,-0.36395935085288794,32,1,1,0.6248171876790423,0.709229581628927,-0.5621213297665592,0
-1.1731474122813979,-0.5039554580731428,29,0,0,-0.9451397790226606,-1.9450795846478763,1.4736149299620198,1
1.1116218338141601,0.4716326269181185,44,1,1,1.4099078268354874,0.9267959067335831,-0.05318726483441437,0
-0.6803540454764736,-0.08819520676466784,24,0,0,-0.9047636890089005,-1.3794071393757705,1.9825489948941646,1
0.37410929406646204,0.9815065923645948,33,1,1,0.9821455843008187,0.4916632565242713,0.4557468000977304,1
-0.23758996120460837,0.12461766763390746,30,1,0,-0.7138745078882905,-0.2915755138524906,1.9825489948941646,1
1.7364451415051452,1.295636560019887,47,1,1,2.522717729936952,1.144362231838239,-0.5621213297665592,0
2.184537788413668,2.3449809833788664,49,1,1,2.812472253688477,0.9267959067335831,-0.05318726483441437,0
-0.9883252304580853,-0.24259807222235383,26,0,0,-0.9541122434701628,-2.07561937971067,1.4736149299620198,1
-0.3261033072246358,0.30250981282653555,39,0,1,0.3823363359852945,0.9703091717545145,-1.0710553946987038,0
0.4028243260528923,0.6644013159428765,40,1,1,1.3686344903769772,0.6222030515870645,-0.05318726483441437,0
-1.488025993273491,-1.0656624341347245,30,0,0,-0.9738516652546677,-2.119132644731601,1.9825489948941646,1
2.417119679795167,1.8546814177115085,52,1,1,2.358970253770036,1.0573357017963765,-0.5621213297665592,0
0.32427736570513105,0.7517814365568611,41,1,1,1.1055169704539742,0.7962561116707895,-0.05318726483441437,0
-0.5372722709736422,0.19868719639809151,26,0,0,-0.8854728904467707,-1.1183275492501834,1.9825489948941646,1
0.16491387203473606,-0.005356346899438754,37,1,1,0.923375942169679,0.709229581628927,-0.5621213297665592,0
0.9122941203688363,0.2871634833997067,45,1,1,1.178866867312305,0.9703091717545145,-1.0710553946987038,0
-1.0160534915858754,-0.3403134759197129,33,0,0,-0.9195682553472792,-1.8580530546060139,1.9825489948941646,1
1.2218441387242722,0.7874851417539731,50,1,1,1.474733882468691,1.1008489668173076,-0.5621213297665592,0
-1.1080205356111437,-0.4574466841979574,24,0,0,-0.9861888038699832,-1.5534601994594954,1.9825489948941646,1
0.30059486509776584,0.9575475270349538,34,1,1,1.0537009882696489,0.6222030515870645,-0.05318726483441437,1
0.6896786146596033,0.46568200938526655,43,1,1,1.1730347654214286,0.9267959067335831,-1.0710553946987038,0
-0.5514817713380613,0.09924924552017,27,1,0,-0.862144482883265,-0.9007612241455275,1.4736149299620198,1
1.2449345768164533,0.5114078072692871,46,1,1,1.8244356843100906,1.18787549685917,-0.5621213297665592,0
0.6495170407129465,0.03802052301108763,38,1,1,1.1221160296818535,0.7962561116707895,-0.05318726483441437,0
-0.37948761067707154,0.24456958948034505,28,0,0,-0.8877160065586462,-0.98778775418739,1.9825489948941646,1
2.47731270217222,2.2414715573468884,55,1,1,2.812472253688477,0.8832826417126519,-0.05318726483441437,0
0.3540778456360656,0.9262284873883644,41,1,1,1.2562543731720117,0.7527428466498582,-0.05318726483441437,0
-0.8018255381750843,0.06824339627004646,23,0,0,-0.9200168785696543,-1.8145397895850826,1.9825489948941646,1
0.8004929820848997,0.18850850851294992,36,1,1,1.4841549701385683,1.0138224367754456,-0.5621213297665592,0
0.07580846349952448,0.44140975365915974,37,1,1,0.8340999209170318,0.7527428466498582,-0.5621213297665592,0
-0.745579599232592,0.14544482899888944,25,0,1,-0.6228039937461429,0.1000438713358901,0.9646808650298752,0
-1.4076041682943135,-0.9076578791176808,29,0,0,-0.9776649626448561,-2.032106114689739,1.4736149299620198,1
-0.26492351398894237,0.321927617407421,27,1,0,-0.8511532139350747,-0.9007612241455275,1.9825489948941646,1
2.1710190276502965,2.0150349007020467,52,1,1,2.5904598365155933,0.9703091717545145,-0.05318726483441437,0
0.3225011781595787,0.8250679893298805,35,1,1,1.2318044075525683,0.6657163166079958,-0.05318726483441437,0
-1.3437600937402914,-0.6386273285534774,26,0,0,-0.9473828951345361,-1.6404867295013579,1.9825489948941646,1
-0.6023004705580325,-0.03448305377076694,24,1,0,-0.8094312542541893,-0.813734694103665,1.9825489948941646,1
1.2130618780823743,0.5377158005724223,44,1,1,1.8354269532582808,1.2313887618801014,-1.0710553946987038,0
0.5189672561148458,0.7221849440908341,39,1,1,1.1097788910665378,0.8397693766917207,-0.05318726483441437,0
2.418797190254855,2.257444267566649,54,1,1,2.812472253688477,1.0573357017963765,-0.05318726483441437,0
-1.0178296791314279,-0.27360392147247736,25,0,0,-0.9565796711932258,-1.7710265245641514,1.9825489948941646,1
-0.08424576977191868,0.41541495075249046,33,1,1,0.7982100631270229,0.23058366639868383,-0.05318726483441437,1
1.5682993871928523,1.399302581250098,48,1,1,2.2198970548337513,1.144362231838239,-1.0710553946987038,0
2.2508487901142904,2.3803714981795125,55,1,1,2.7333463328420664,0.9703091717545145,-0.5621213297665592,0
-0.3109070360015765,0.32208421260565395,28,0,0,-0.862144482883265,-0.7267081640618025,1.9825489948941646,1
-1.1543987659672337,-0.4815623447258313,27,0,0,-0.9585984756939139,-2.07561937971067,1.4736149299620198,1
0.6852381457957224,0.4678743421605278,42,1,1,1.5967593989547215,0.7962561116707895,-0.5621213297665592,0
1.2623017439285211,0.7052726626816759,50,1,1,1.1858205272591194,0.5786897865661332,0.4557468000977304,1
-0.42379362223001726,0.04945197248209278,30,0,0,-0.8964641593949609,-1.292380609333908,1.9825489948941646,1
0.22856059241703003,0.8981979469046668,35,1,1,0.9027392739404239,0.6657163166079958,-0.05318726483441437,0
2.099576817484745,1.74318563656965,47,1,1,2.300200611638896,0.9703091717545145,-0.5621213297665592,0
0.9271943603343035,0.17441494067198468,41,1,1,1.3912899631069204,1.18787549685917,-1.0710553946987038,0
-0.4835919362636144,0.274322677144605,31,1,0,-0.7457267566769235,-0.552655103978078,1.9825489948941646,1
1.4188036021088595,0.8523155538224133,37,1,1,2.089347697122594,1.144362231838239,-1.0710553946987038,0
0.4390388165649883,0.5922109295574879,38,1,1,1.1057412820651618,0.7962561116707895,-0.05318726483441437,0
-0.23660319034596813,0.17801663023134245,24,0,0,-0.8978100290620863,-1.2053540792920459,1.9825489948941646,1
0.5610036946929191,0.8660959312669126,40,1,1,1.3002194489647727,0.9267959067335831,-0.5621213297665592,0
1.50346854178019,1.1280796979106333,43,1,1,1.9617143903568748,1.1008489668173076,-1.0710553946987038,0
-0.8602423730065851,-0.10573386896675793,25,0,0,-0.9554581131372881,-1.7710265245641514,1.9825489948941646,1
0.07235476549428373,0.6913356900389436,29,1,1,1.0160166375901396,0.5786897865661332,-0.05318726483441437,0
2.2508487901142904,2.0067353551957003,52,1,1,2.812472253688477,1.0573357017963765,-0.05318726483441437,0
-0.6073330019370976,0.2874766737961726,28,0,0,-0.7885702744137466,-0.5091418389571468,1.4736149299620198,1
-0.08503518645883085,0.8479308882718908,35,1,1,0.9049823900522994,0.535176521545202,-0.05318726483441437,1
0.20773972729972146,0.6979126883647273,34,1,1,1.092058273782721,0.535176521545202,-0.05318726483441437,0
0.98403236179198,0.35121091947698213,51,1,1,2.1476687160313586,1.0573357017963765,-1.0710553946987038,0
-0.8178112260850559,0.025806097548917748,23,0,0,-0.8962398477837734,-1.9450795846478763,1.9825489948941646,1
1.2876617549955747,0.9271680585777621,41,1,1,1.6499212508061722,0.9267959067335831,-0.5621213297665592,0
-1.3633968338272318,-0.8182420209266679,25,0,0,-0.9680195633637912,-2.2061591747734632,1.9825489948941646,1
0.30197634429986214,0.9251323210007337,36,1,1,0.9525364516240613,0.7527428466498582,-0.5621213297665592,0
2.345381438372023,2.2613591475224726,53,1,1,2.812472253688477,1.0138224367754456,-0.5621213297665592,0
-1.0947978061053647,-0.4433531163569922,28,0,0,-0.9704869910868543,-1.8580530546060139,1.4736149299620198,1
1.106885333692687,0.6236865644023103,39,1,1,1.4130481893921132,0.9703091717545145,-0.05318726483441437,0
-0.15746416748302275,0.36358194013738493,33,1,1,0.9027392739404239,0.23058366639868383,0.9646808650298752,1
-0.7406457449393908,-0.951504534622906,28,1,1,-0.47677713486304407,0.6657163166079958,-0.5621213297665592,0
-0.2472603156192825,-0.6383141381570115,33,1,1,-0.40948365150677735,0.9703091717545145,-1.0710553946987038,0
-0.9379999166674342,-1.2646949310888005,26,1,1,-0.5440706182193108,0.3176101964405463,-0.05318726483441437,0
0.2461251137008259,-0.16852854345816978,38,1,1,-0.2524655236754883,0.7962561116707895,0.4557468000977304,0
-1.2340311742594992,-1.577885327554695,24,1,0,-0.8581068738818889,0.23058366639868383,-1.0710553946987038,0
1.2328959723410426,0.6144474477065665,45,1,1,0.08400189310584533,1.0138224367754456,0.9646808650298752,0
0.4434792854288693,0.14466185300772472,42,1,1,-0.02815391248793255,0.8832826417126519,0.4557468000977304,0
-0.5432915732113475,-0.7949093363899588,29,1,1,-0.45434597374428853,0.535176521545202,-0.5621213297665592,0
0.04877094197278254,-0.16852854345816978,31,1,1,-0.2524655236754883,0.709229581628927,-0.05318726483441437,0
-0.1485832297552608,-0.4034213408075906,30,1,1,-0.3646213292692662,0.6222030515870645,-0.05318726483441437,0
-1.5300624318515643,-1.6561829266711685,22,1,0,-0.9029691961194001,0.05653060631495886,-1.0710553946987038,0
1.726281401661151,1.084233042405408,47,1,1,0.3083135042934011,1.1008489668173076,0.9646808650298752,0
1.9236355733891943,1.7106138353371971,49,1,1,0.420469309887179,1.144362231838239,1.4736149299620198,0
0.6408334571569126,0.14466185300772472,37,1,1,-0.14030971808171044,0.9267959067335831,0.4557468000977304,0
0.14744802783680422,-0.4817189399240643,36,1,1,-0.1851720403192216,0.9703091717545145,-0.05318726483441437,0
0.8381876288849559,0.3012570512406719,40,1,1,-0.09544739584419928,0.8397693766917207,0.4557468000977304,0
0.3448021995648476,-0.325123741691117,32,1,1,-0.2524655236754883,0.7527428466498582,-0.5621213297665592,0
-0.04990614389123913,-0.6383141381570115,27,1,1,-0.3646213292692662,0.5786897865661332,-0.5621213297665592,0
-0.44461448734732584,-0.7949093363899588,28,1,1,-0.47677713486304407,0.44814999150334,-0.5621213297665592,0
1.430250144069086,0.6144474477065665,46,1,1,0.26345118205588997,1.0573357017963765,0.9646808650298752,0
-0.5432915732113475,-0.011933345225222538,30,1,1,-0.9478315183569112,-1.6404867295013579,1.9825489948941646,1
-1.2340311742594992,-0.951504534622906,23,1,0,-0.9926938405944223,-1.8145397895850826,1.9825489948941646,1
-1.5300624318515643,-1.4212901293217477,22,1,0,-1.0039094211538002,-1.9450795846478763,1.4736149299620198,1
0.2461251137008259,0.9276378441724609,34,1,1,-0.9366159377975334,-1.292380609333908,1.4736149299620198,1
-0.9379999166674342,-0.6383141381570115,25,1,0,-0.959047098916289,-1.4664336694176332,1.9825489948941646,1
-0.1485832297552608,0.6144474477065665,29,1,1,-0.9029691961194001,-1.2053540792920459,1.9825489948941646,1
-0.34593740148330415,0.14466185300772472,27,1,1,-0.8805380350006444,-1.0748142842292523,1.9825489948941646,1
-0.7406457449393908,-0.4817189399240643,30,1,1,-0.8917536155600223,-0.9442744891664587,1.9825489948941646,1
-1.1353540883954776,-0.8732069355064324,24,1,0,-0.9254003572381556,-1.7275132595432203,1.4736149299620198,1
-1.332708260123521,-1.1080997328558533,22,1,0,-0.9702626794756668,-1.8580530546060139,1.4736149299620198,1
-0.2472603156192825,0.22295945212419832,28,1,1,-0.9141847766787778,-1.2488673443129772,1.9825489948941646,1
0.04877094197278254,0.7710426459395137,32,1,1,-0.8693224544412667,-1.1618408142711147,1.9825489948941646,1
0.3448021995648476,1.084233042405408,35,1,1,-0.8468912933225111,-0.98778775418739,1.9825489948941646,1
0.542156371292891,1.55401863710425,36,1,1,-0.8356757127631333,-0.9007612241455275,1.9825489948941646,1
0.8381876288849559,2.0238042318030915,41,1,1,-0.8244601322037556,-0.8572479591245962,1.9825489948941646,1
-0.8393228308034125,-0.4817189399240643,26,1,0,-0.9366159377975334,-1.5099469344385643,1.9825489948941646,1
-1.036677002531456,-0.7949093363899588,23,1,0,-0.9702626794756668,-1.7710265245641514,1.9825489948941646,1
-0.5432915732113475,-0.09023094434169616,29,1,1,-0.9029691961194001,-1.3794071393757705,1.9825489948941646,1
-0.1485832297552608,0.4578522494736192,33,1,1,-0.8693224544412667,-1.1183275492501834,1.9825489948941646,1
0.2461251137008259,1.084233042405408,38,1,1,-0.8132445516443777,-1.292380609333908,1.9825489948941646,1
-0.2965988585512933,0.44219272965032447,30,1,1,-1.0097415230446767,-0.8572479591245962,1.4736149299620198,1
-1.2833697171915102,-1.8127781249041157,23,1,0,-0.7522317934013626,0.7527428466498582,0.9646808650298752,0
0.4434792854288693,1.5383591172809552,35,1,1,-1.0122089507677396,-1.2488673443129772,1.9825489948941646,1
-0.6419686590753692,-1.2177163716189163,29,1,1,0.11293809094904003,0.6657163166079958,-0.05318726483441437,0
-0.395275944415315,0.05070473406795636,33,1,1,-0.8628174177168275,-2.1626459097525323,0.9646808650298752,1
-0.09924468682324997,-0.4817189399240643,41,1,1,-0.04789333427243746,0.8397693766917207,-0.5621213297665592,0
0.09810948490479338,0.9589568838190503,40,1,1,-0.9476072067457236,-1.031301019208321,1.9825489948941646,1
0.8381876288849559,0.01938569442136691,31,1,1,0.01782996780551638,0.8832826417126519,1.4736149299620198,0
-0.4939530302793367,-0.7635902967433693,41,1,1,0.21163519987156457,0.9267959067335831,0.4557468000977304,0
-1.3820468030555317,-1.1550782923257374,25,1,1,-0.9552338015261005,-1.1618408142711147,1.9825489948941646,1
-0.69130720200738,-0.1841880632814645,32,1,0,-0.9707113026980418,-1.5099469344385643,1.9825489948941646,1
0.3448021995648476,-0.43474038045418006,44,1,1,0.3538487613644749,1.0138224367754456,-0.05318726483441437,0
-0.1485832297552608,0.6301069675298612,36,1,1,-0.9204655017920294,-1.3358938743548394,1.9825489948941646,1
0.19678657076881506,-0.3877618209842959,29,1,1,-0.053501124552126356,0.709229581628927,0.4557468000977304,0
-1.1846926313274884,-0.951504534622906,24,1,0,-0.9893291664266091,-1.7710265245641514,1.9825489948941646,1
0.09810948490479338,0.23861897194749304,39,1,1,0.023886381307580386,0.8832826417126519,-0.5621213297665592,0
-0.9873384595994451,-0.6852926976268957,27,1,0,-0.9967314495957984,-1.6404867295013579,1.9825489948941646,1
0.542156371292891,0.8180212054093978,42,1,1,0.328052926077906,1.0573357017963765,-0.05318726483441437,0
-0.34593740148330415,0.36389513053385086,34,1,1,-0.961065903416977,-1.4229204043967019,1.9825489948941646,1
-0.7406457449393908,-0.779249816566664,28,1,1,-0.1795642500395327,0.7962561116707895,-0.5621213297665592,0
-0.04990614389123913,0.14466185300772472,37,1,1,-0.04587452977174946,0.9703091717545145,0.4557468000977304,0
-0.19792177268727165,0.48917128912020863,33,1,1,-0.944915467411473,-0.9007612241455275,1.9825489948941646,1
-1.1353540883954776,-0.9984830940927901,26,1,0,-1.000993370208362,-1.9885928496688074,1.4736149299620198,1
0.6901720000889234,1.0529140027588186,45,1,1,0.2838635386739575,1.1008489668173076,-0.05318726483441437,0
-0.5432915732113475,-0.09023094434169616,30,1,1,-0.9552338015261005,-1.292380609333908,1.9825489948941646,1
0.19678657076881506,0.4578522494736192,38,1,1,0.11630276511685336,0.8397693766917207,0.4557468000977304,0
-1.4313853459875425,-1.2803544509120952,23,1,0,-1.0057039140433006,-1.8580530546060139,1.4736149299620198,1
0.29546365663283675,0.583128408059977,40,1,1,0.31549147585140286,0.9703091717545145,0.4557468000977304,0
-0.8886613737354234,-0.45039990027747484,29,1,0,-0.9902264128713593,-1.5534601994594954,1.9825489948941646,1
-0.0005676009592282952,0.8336807252326925,36,1,1,-0.9153063347347156,-0.7702214290827337,1.9825489948941646,1
-0.5926301161433584,-0.6226546183337168,32,1,1,-0.29508472980112394,0.709229581628927,-0.05318726483441437,0
0.14744802783680422,0.3952141701804403,39,1,1,0.04564460759277329,0.9267959067335831,0.4557468000977304,0
-1.2340311742594992,-0.9201854949763165,24,1,0,-1.0104144578782392,-2.032106114689739,1.9825489948941646,1
0.5914949142249017,0.9902759234656399,43,1,1,0.33410933957997,1.1008489668173076,-0.5621213297665592,0
-0.34593740148330415,0.2072999323009036,31,1,1,-0.9496260112464117,-1.0748142842292523,1.9825489948941646,1
-0.1485832297552608,-0.4034213408075906,35,1,1,-0.07570797405969437,0.7962561116707895,-0.05318726483441437,0
-0.4939530302793367,0.0820237737145458,34,1,1,-0.957028294415601,-1.3794071393757705,1.9825489948941646,1
0.4434792854288693,0.7710426459395137,41,1,1,0.2524599131076997,1.0138224367754456,-0.05318726483441437,0
-1.0860155454634668,-0.779249816566664,27,1,0,-0.9947126450951104,-1.683999994522289,1.9825489948941646,1
0.04877094197278254,0.2855975314173772,38,1,1,-0.023667680264181437,0.8832826417126519,-0.5621213297665592,0
-0.19792177268727165,0.5204903287667981,33,1,1,-0.9417751048548472,-1.1183275492501834,1.9825489948941646,1
-0.8393228308034125,-0.3877618209842959,28,1,0,-0.9846186225916703,-1.4664336694176332,1.9825489948941646,1
0.2461251137008259,0.5204903287667981,37,1,1,0.06987026160102931,0.9267959067335831,0.4557468000977304,0
-0.6419686590753692,-0.1841880632814645,30,1,1,-0.9662250704742907,-1.292380609333908,1.9825489948941646,1
0.6408334571569126,0.9902759234656399,44,1,1,0.35990517486653895,1.0573357017963765,-0.05318726483441437,0
-0.9873384595994451,-0.5756760588638327,26,1,0,-0.9915722825384846,-1.5969734644804265,1.9825489948941646,1
-0.44461448734732584,0.16032137283101944,32,1,1,-0.9541122434701628,-1.2053540792920459,1.9825489948941646,1
-0.09924468682324997,0.06636425389125108,35,1,1,-0.02837822409912011,0.8397693766917207,-0.05318726483441437,0
-1.2833697171915102,-1.0454616535626744,23,1,0,-1.007049783710426,-1.901566319626945,1.4736149299620198,1
0.19678657076881506,0.44219272965032447,39,1,1,0.13110733145523204,0.9703091717545145,0.4557468000977304,0
-0.2472603156192825,0.5361498485900928,34,1,1,-0.9453640906338481,-0.9442744891664587,1.9825489948941646,1
-0.8886613737354234,-0.4817189399240643,27,1,0,-0.9866374270923584,-1.5099469344385643,1.9825489948941646,1
0.3448021995648476,0.6301069675298612,40,1,1,0.2351879190462579,1.0138224367754456,-0.05318726483441437,0
-0.5432915732113475,0.003726174598072186,31,1,1,-0.9594957221386641,-1.2488673443129772,1.9825489948941646,1
-0.0005676009592282952,0.2072999323009036,36,1,1,-0.003031012034926306,0.8832826417126519,0.4557468000977304,0
-1.1353540883954776,-0.8105688562132535,24,1,0,-0.9985259424852988,-1.7275132595432203,1.9825489948941646,1
0.5914949142249017,0.9432973639957556,42,1,1,0.32580980996603043,1.1008489668173076,-0.05318726483441437,0
-0.69130720200738,-0.15286902363487506,29,1,0,-0.9794594555343565,-1.4229204043967019,1.9825489948941646,1
0.14744802783680422,0.42653320982702975,38,1,1,0.080637218938032,0.9267959067335831,0.4557468000977304,0
-0.34593740148330415,0.3325760908872614,33,1,1,-0.950971880913537,-1.1618408142711147,1.9825489948941646,1
-0.9379999166674342,-0.5600165390405378,26,1,0,-0.9935910870391725,-1.6404867295013579,1.9825489948941646,1
0.4434792854288693,0.8180212054093978,41,1,1,0.2706291536138917,1.0573357017963765,-0.05318726483441437,0
-0.5926301161433584,-0.02759286504851726,30,1,1,-0.963084707917665,-1.3358938743548394,1.9825489948941646,1
0.29546365663283675,0.5674688882366823,39,1,1,0.21567280887294057,0.9703091717545145,0.4557468000977304,0
-1.036677002531456,-0.669633177803601,25,1,0,-0.9956098915398606,-1.683999994522289,1.9825489948941646,1
0.6901720000889234,1.084233042405408,45,1,1,0.37358818314897985,1.1008489668173076,-0.05318726483441437,0
-0.4939530302793367,0.09768329353784053,32,1,1,-0.9565796711932258,-1.292380609333908,1.9825489948941646,1
-0.1485832297552608,0.6614260071764506,36,1,1,-0.9386347422982214,-0.98778775418739,1.9825489948941646,1
-1.2340311742594992,-0.9671640544462007,23,1,0,-1.0041337327649877,-1.8145397895850826,1.4736149299620198,1
0.19678657076881506,0.410873690003735,38,1,1,0.1284155921209814,0.9267959067335831,0.4557468000977304,0
-0.6419686590753692,-0.13720950381158034,29,1,1,-0.9682438749749788,-1.3794071393757705,1.9825489948941646,1
0.542156371292891,0.8806592847025767,43,1,1,0.2979951701787735,1.0573357017963765,-0.05318726483441437,0
-0.8886613737354234,-0.4034213408075906,27,1,0,-0.985291557425233,-1.4664336694176332,1.9825489948941646,1
0.04877094197278254,0.3012570512406719,37,1,1,0.010651996247514596,0.8832826417126519,0.4557468000977304,0
-0.395275944415315,0.2855975314173772,31,1,1,-0.9525420621918499,-1.2053540792920459,1.9825489948941646,1
-0.09924468682324997,0.12900233318442997,35,1,1,-0.022097498985868547,0.8397693766917207,-0.05318726483441437,0
-1.1353540883954776,-0.7635902967433693,24,1,0,-0.9998718121524242,-1.7710265245641514,1.9825489948941646,1
0.3448021995648476,0.6614260071764506,40,1,1,0.22329940365331746,1.0138224367754456,0.4557468000977304,0
-0.5432915732113475,0.05070473406795636,30,1,1,-0.9603929685834143,-1.2488673443129772,1.9825489948941646,1
-0.0005676009592282952,0.25427849177078776,36,1,1,-0.007965867481052533,0.8832826417126519,-0.05318726483441437,0
-0.9873384595994451,-0.5913355786871274,26,1,0,-0.9924695289832348,-1.5969734644804265,1.9825489948941646,1
0.6408334571569126,1.0215949631122292,44,1,1,0.35474600780922516,1.1008489668173076,-0.05318726483441437,0
-0.69130720200738,-0.16852854345816978,28,1,0,-0.9808053252014819,-1.4664336694176332,1.9825489948941646,1
0.14744802783680422,0.4735117692969139,38,1,1,0.08669363244009601,0.9703091717545145,0.4557468000977304,0
-0.2965988585512933,0.4578522494736192,33,1,1,-0.9473828951345361,-1.031301019208321,1.9825489948941646,1
-0.9379999166674342,-0.5286974993939484,25,1,0,-0.9942640218727352,-1.6404867295013579,1.9825489948941646,1
0.4928178283608801,0.864999764879282,41,1,1,0.2843121618963326,1.0573357017963765,-0.05318726483441437,0
-0.5926301161433584,-0.04325238487181199,29,1,1,-0.9637576427512277,-1.3358938743548394,1.9825489948941646,1
0.2461251137008259,0.5518093684133876,39,1,1,0.20423291670237523,0.9703091717545145,0.4557468000977304,0
-1.036677002531456,-0.6539736579803063,24,1,0,-0.9969557612069859,-1.7275132595432203,1.9825489948941646,1
0.7395105430209343,1.1155520820519975,46,1,1,0.38345789404123226,1.144362231838239,-0.05318726483441437,0
-0.44461448734732584,0.19164041247760888,32,1,1,-0.955009489914913,-1.2053540792920459,1.9825489948941646,1
-0.1485832297552608,0.6927450468230401,35,1,1,-0.9395319887429716,-0.9442744891664587,1.9825489948941646,1
-1.1846926313274884,-0.9045259751530218,23,1,0,-1.0021149282642996,-1.8145397895850826,1.4736149299620198,1
0.09810948490479338,0.3795546503571456,37,1,1,0.030391418032019505,0.8832826417126519,0.4557468000977304,0
-0.6419686590753692,-0.1215499839882856,28,1,1,-0.9693654330309166,-1.3794071393757705,1.9825489948941646,1
0.5914949142249017,0.9119783243491661,42,1,1,0.3076405694598384,1.0573357017963765,-0.05318726483441437,0
-0.8393228308034125,-0.35644278133770646,27,1,0,-0.9839456877581076,-1.4664336694176332,1.9825489948941646,1
0.19678657076881506,0.48917128912020863,38,1,1,0.13761236817967115,0.9703091717545145,0.4557468000977304,0
-0.34593740148330415,0.34823561071055614,31,1,1,-0.9496260112464117,-1.1618408142711147,1.9825489948941646,1
-0.8886613737354234,-0.43474038045418006,26,1,0,-0.9879832967594837,-1.5099469344385643,1.9825489948941646,1
0.4434792854288693,0.8336807252326925,40,1,1,0.2766855671159557,1.0573357017963765,-0.05318726483441437,0
-0.4939530302793367,0.11334281336113526,30,1,1,-0.9574769176379762,-1.292380609333908,1.9825489948941646,1
-0.04990614389123913,0.17598089265431416,36,1,1,0.0021281550223874765,0.8832826417126519,-0.05318726483441437,0
-1.0860155454634668,-0.7479307769200746,24,1,0,-0.9980773192629236,-1.7275132595432203,1.9825489948941646,1
0.6901720000889234,1.0998925622287028,45,1,1,0.37874735020629363,1.144362231838239,-0.05318726483441437,0
-0.5926301161433584,-0.011933345225222538,29,1,1,-0.9617388382505396,-1.3358938743548394,1.9825489948941646,1
0.2461251137008259,0.583128408059977,39,1,1,0.21006501859325166,1.0138224367754456,0.4557468000977304,0
-0.9873384595994451,-0.5600165390405378,25,1,0,-0.993366775427985,-1.6404867295013579,1.9825489948941646,1
0.6408334571569126,1.037254482935524,44,1,1,0.362372602589602,1.1008489668173076,-0.05318726483441437,0
-0.5432915732113475,0.06636425389125108,31,1,1,-0.9588227873051014,-1.2488673443129772,1.9825489948941646,1
0.04877094197278254,0.31691657106396665,37,1,1,0.016932721360766158,0.9267959067335831,0.4557468000977304,0
-1.1353540883954776,-0.7949093363899588,23,1,0,-0.998974565707674,-1.7710265245641514,1.9825489948941646,1
0.542156371292891,0.8963188045258714,42,1,1,0.30203277918014954,1.0573357017963765,-0.05318726483441437,0
-0.6419686590753692,-0.10589046416499089,28,1,1,-0.9677952517526036,-1.3794071393757705,1.9825489948941646,1
0.14744802783680422,0.5048308089435034,38,1,1,0.09701196655472356,0.9703091717545145,0.4557468000977304,0
-0.8886613737354234,-0.3877618209842959,26,1,0,-0.9870860503147335,-1.5099469344385643,1.9825489948941646,1
0.4928178283608801,0.8806592847025767,41,1,1,0.2899199521760215,1.0573357017963765,-0.05318726483441437,0
-0.44461448734732584,0.2072999323009036,32,1,1,-0.9538879318589752,-1.2053540792920459,1.9825489948941646,1
-0.09924468682324997,0.7240640864696295,35,1,1,-0.9377374958534712,-0.9007612241455275,1.9825489948941646,1
-1.2340311742594992,-0.9358450147996112,22,1,0,-1.0032364863202374,-1.8145397895850826,1.4736149299620198,1
0.29546365663283675,0.5987879278832717,37,1,1,0.22038335270787923,1.0138224367754456,0.4557468000977304,0
-0.5432915732113475,0.0820237737145458,29,1,1,-0.9597200337498517,-1.2488673443129772,1.9825489948941646,1
-0.0005676009592282952,0.2855975314173772,36,1,1,0.007960256913263927,0.9267959067335831,-0.05318726483441437,0
-1.036677002531456,-0.6226546183337168,24,1,0,-0.9962828263734232,-1.7275132595432203,1.9825489948941646,1
0.7395105430209343,1.1312116018752922,46,1,1,0.3910844888216092,1.144362231838239,-0.05318726483441437,0
-0.4939530302793367,0.12900233318442997,30,1,1,-0.9563553595820383,-1.292380609333908,1.9825489948941646,1
0.19678657076881506,0.5204903287667981,39,1,1,0.14613620940479827,1.0138224367754456,0.4557468000977304,0
-0.9379999166674342,-0.5130379795706537,25,1,0,-0.9929181522056099,-1.6404867295013579,1.9825489948941646,1
0.6901720000889234,1.1155520820519975,45,1,1,0.3850280753195452,1.144362231838239,-0.05318726483441437,0
-0.5926301161433584,0.003726174598072186,28,1,1,-0.9612902150281646,-1.3358938743548394,1.9825489948941646,1
0.09810948490479338,0.3952141701804403,37,1,1,0.03779370120120885,0.9267959067335831,0.4557468000977304,0
-1.1353540883954776,-0.779249816566664,23,1,0,-0.999423188930049,-1.7710265245641514,1.9825489948941646,1
0.5914949142249017,0.9276378441724609,42,1,1,0.3125754249059647,1.0573357017963765,-0.05318726483441437,0
-0.69130720200738,-0.13720950381158034,27,1,0,-0.9785622090896063,-1.4229204043967019,1.9825489948941646,1
0.2461251137008259,0.6144474477065665,39,1,1,0.21836454820719123,1.0138224367754456,0.4557468000977304,0
-0.9873384595994451,-0.5443570192172431,25,1,0,-0.9920209057608597,-1.5969734644804265,1.9825489948941646,1
0.6408334571569126,1.0529140027588186,44,1,1,0.36842901609166606,1.1008489668173076,-0.05318726483441437,0
-0.44461448734732584,0.22295945212419832,31,1,1,-0.9545608666925379,-1.2053540792920459,1.9825489948941646,1
-0.04990614389123913,0.3325760908872614,36,1,1,0.013792358804140377,0.9267959067335831,0.4557468000977304,0
-0.8886613737354234,-0.3721023011610012,26,1,0,-0.9861888038699832,-1.5099469344385643,1.9825489948941646,1
0.4434792854288693,0.8493402450559873,40,1,1,0.28274198061801975,1.0573357017963765,-0.05318726483441437,0
-0.6419686590753692,-0.09023094434169616,29,1,1,-0.9668980053078534,-1.3794071393757705,1.9825489948941646,1
0.14744802783680422,0.5361498485900928,38,1,1,0.10486287294628802,1.0138224367754456,0.4557468000977304,0
-1.0860155454634668,-0.7166117372734851,24,1,0,-0.9976286960405486,-1.7275132595432203,1.9825489948941646,1
0.7395105430209343,1.146871121698587,46,1,1,0.39736521393486074,1.144362231838239,-0.05318726483441437,0
-0.5432915732113475,0.09768329353784053,30,1,1,-0.9581498524715387,-1.2488673443129772,1.9825489948941646,1
0.04877094197278254,0.34823561071055614,37,1,1,0.02321344647401772,0.9267959067335831,0.4557468000977304,0
-1.2340311742594992,-0.8888664553297271,23,1,0,-1.0027878630978624,-1.8145397895850826,1.4736149299620198,1
0.542156371292891,0.9119783243491661,42,1,1,0.30607038818152554,1.0573357017963765,-0.05318726483441437,0
-0.69130720200738,-0.1215499839882856,28,1,0,-0.9778892742560437,-1.4229204043967019,1.9825489948941646,1
0.19678657076881506,0.5518093684133876,39,1,1,0.15488436224111296,1.0138224367754456,0.4557468000977304,0
-0.9379999166674342,-0.497378459747359,26,1,0,-0.9924695289832348,-1.6404867295013579,1.9825489948941646,1
0.6901720000889234,1.1312116018752922,45,1,1,0.39130880043279676,1.144362231838239,-0.05318726483441437,0
-0.4939530302793367,0.14466185300772472,31,1,1,-0.9556824247484756,-1.292380609333908,1.9825489948941646,1
-0.0005676009592282952,0.3795546503571456,36,1,1,0.029045548364894168,0.9703091717545145,0.4557468000977304,0
-1.036677002531456,-0.6069950985104221,24,1,0,-0.9958342031510481,-1.683999994522289,1.9825489948941646,1
0.5914949142249017,0.9589568838190503,43,1,1,0.3184075267968411,1.1008489668173076,-0.05318726483441437,0
-0.5926301161433584,0.01938569442136691,29,1,1,-0.9608415918057894,-1.3358938743548394,1.9825489948941646,1
0.29546365663283675,0.6457664873531559,40,1,1,0.22845857071063125,1.0138224367754456,0.4557468000977304,0
-0.8886613737354234,-0.34078326151441174,27,1,0,-0.984842934202858,-1.4664336694176332,1.9825489948941646,1
0.4928178283608801,0.8963188045258714,41,1,1,0.2955277424557104,1.0573357017963765,-0.05318726483441437,0
-0.44461448734732584,0.23861897194749304,32,1,1,-0.9534393086366001,-1.2053540792920459,1.9825489948941646,1
-0.09924468682324997,0.7397236062929242,35,1,1,-0.936840249408721,-0.9007612241455275,1.9825489948941646,1
-1.1846926313274884,-0.8732069355064324,23,1,0,-1.0016663050419246,-1.8145397895850826,1.4736149299620198,1
0.2461251137008259,0.6301069675298612,38,1,1,0.22509389654281792,1.0138224367754456,0.4557468000977304,0
-0.5432915732113475,0.11334281336113526,30,1,1,-0.959047098916289,-1.2488673443129772,1.9825489948941646,1
0.09810948490479338,0.42653320982702975,37,1,1,0.04340149148089774,0.9703091717545145,0.4557468000977304,0
-1.0860155454634668,-0.6852926976268957,24,1,0,-0.9971800728181734,-1.7275132595432203,1.9825489948941646,1
0.6901720000889234,1.1625306415218817,46,1,1,0.4027486926033621,1.144362231838239,-0.05318726483441437,0
-0.6419686590753692,-0.07457142451840143,28,1,1,-0.9664493820854784,-1.3794071393757705,1.9825489948941646,1
0.14744802783680422,0.5674688882366823,39,1,1,0.11226515611547735,1.0138224367754456,0.4557468000977304,0
-0.9873384595994451,-0.5286974993939484,25,1,0,-0.9915722825384846,-1.6404867295013579,1.9825489948941646,1
0.6408334571569126,1.0685735225821134,44,1,1,0.3742611179825425,1.1008489668173076,-0.05318726483441437,0
-0.4939530302793367,0.16032137283101944,31,1,1,-0.9552338015261005,-1.292380609333908,1.9825489948941646,1
-0.0005676009592282952,0.3952141701804403,36,1,1,0.03442902703339551,0.9703091717545145,0.4557468000977304,0
-1.036677002531456,-0.5913355786871274,24,1,0,-0.995385579928673,-1.683999994522289,1.9825489948941646,1
0.5914949142249017,0.9746164036423451,43,1,1,0.32423962868771755,1.1008489668173076,-0.05318726483441437,0
-0.5926301161433584,0.035045214244661636,29,1,1,-0.9601686569722268,-1.3358938743548394,1.9825489948941646,1
0.2461251137008259,0.6614260071764506,40,1,1,0.2347392958238828,1.0138224367754456,0.4557468000977304,0
-0.9379999166674342,-0.4817189399240643,26,1,0,-0.9911236593161095,-1.6404867295013579,1.9825489948941646,1
0.7395105430209343,1.1781901613451764,46,1,1,0.4081321712718634,1.144362231838239,-0.05318726483441437,0
-0.44461448734732584,0.25427849177078776,32,1,1,-0.9541122434701628,-1.2053540792920459,1.9825489948941646,1
-0.04990614389123913,0.36389513053385086,37,1,1,0.027699678697768834,0.9703091717545145,0.4557468000977304,0
-1.1353540883954776,-0.7322712570967799,23,1,0,-0.9980773192629236,-1.7710265245641514,1.9825489948941646,1
0.542156371292891,0.9432973639957556,42,1,1,0.31100524362765175,1.0573357017963765,-0.05318726483441437,0
-0.69130720200738,-0.10589046416499089,28,1,0,-0.9774406510336686,-1.4229204043967019,1.9825489948941646,1
0.19678657076881506,0.583128408059977,39,1,1,0.1622866454103023,1.0138224367754456,0.4557468000977304,0
-0.8886613737354234,-0.325123741691117,27,1,0,-0.9843943109804828,-1.4664336694176332,1.9825489948941646,1
0.4928178283608801,0.9119783243491661,41,1,1,0.30091122112421176,1.0573357017963765,-0.05318726483441437,0
-0.5432915732113475,0.12900233318442997,30,1,1,-0.9583741640827264,-1.2488673443129772,1.9825489948941646,1
0.04877094197278254,0.3795546503571456,37,1,1,0.02949417158726928,0.9703091717545145,0.4557468000977304,0
-1.2340311742594992,-0.8575474156831376,23,1,0,-1.0023392398754873,-1.8145397895850826,1.4736149299620198,1
0.6408334571569126,1.084233042405408,44,1,1,0.37964459665104383,1.1008489668173076,-0.05318726483441437,0
-0.6419686590753692,-0.05891190469510671,29,1,1,-0.9657764472519157,-1.3794071393757705,1.9825489948941646,1
0.14744802783680422,0.5987879278832717,39,1,1,0.12034037411822937,1.0138224367754456,0.4557468000977304,0
-0.9873384595994451,-0.5130379795706537,25,1,0,-0.9906750360937343,-1.6404867295013579,1.9825489948941646,1
0.6901720000889234,1.1938496811684711,46,1,1,0.4132913383291772,1.144362231838239,-0.05318726483441437,0
-0.4939530302793367,0.17598089265431416,31,1,1,-0.9547851783037254,-1.292380609333908,1.9825489948941646,1
0.29546365663283675,0.6770855269997453,40,1,1,0.24214157899307215,1.0138224367754456,0.4557468000977304,0
-1.0860155454634668,-0.669633177803601,24,1,0,-0.9967314495957984,-1.7275132595432203,1.9825489948941646,1
0.5914949142249017,0.9902759234656399,43,1,1,0.32939879574503134,1.1008489668173076,-0.05318726483441437,0
-0.5926301161433584,0.05070473406795636,29,1,1,-0.9597200337498517,-1.3358938743548394,1.9825489948941646,1
0.2461251137008259,0.6927450468230401,38,1,1,0.24057139771475927,1.0138224367754456,0.4557468000977304,0
-0.9379999166674342,-0.46605942010076956,26,1,0,-0.9906750360937343,-1.6404867295013579,1.9825489948941646,1
0.7395105430209343,1.2095092009917658,46,1,1,0.418450505386491,1.144362231838239,-0.05318726483441437,0
-0.44461448734732584,0.2699380115940825,32,1,1,-0.9536636202477876,-1.2053540792920459,1.9825489948941646,1
-0.04990614389123913,0.3952141701804403,37,1,1,0.034877650255770616,0.9703091717545145,0.4557468000977304,0
-1.1353540883954776,-0.7166117372734851,23,1,0,-0.9976286960405486,-1.7710265245641514,1.9825489948941646,1
0.542156371292891,0.9589568838190503,42,1,1,0.3163887222961531,1.0573357017963765,-0.05318726483441437,0
-0.69130720200738,-0.09023094434169616,28,1,0,-0.9769920278112935,-1.4229204043967019,1.9825489948941646,1
0.19678657076881506,0.6144474477065665,39,1,1,0.16968892857949164,1.0138224367754456,0.4557468000977304,0
-0.8886613737354234,-0.3094642218678223,27,1,0,-0.9839456877581076,-1.4664336694176332,1.9825489948941646,1
-0.5926301161433584,-1.0298021337393797,31,1,1,-0.5665017793380664,0.535176521545202,-0.5621213297665592,0
-0.395275944415315,-0.951504534622906,33,1,1,-0.3421901681505106,0.9267959067335831,-1.0710553946987038,0
-0.8886613737354234,-1.2646949310888005,29,1,1,-0.6113641015755775,0.4046367264824088,-0.5621213297665592,0
-1.8260936894436293,-1.4995877284382213,26,0,0,-0.9814782600350446,-1.2488673443129772,-0.05318726483441437,1
-1.5300624318515643,-1.6561829266711685,28,1,1,-0.8917536155600223,-0.6831948990408713,-0.5621213297665592,1
-1.1353540883954776,-1.342992530205274,30,1,1,-0.745951068288111,-0.37860204389435304,-0.5621213297665592,0
0.04877094197278254,-0.7949093363899588,37,1,1,-0.02815391248793255,1.1008489668173076,-1.0710553946987038,0
-2.0727864041036836,-1.8127781249041157,24,0,0,-1.0106387694894268,-1.683999994522289,-0.05318726483441437,1
-1.87543223237564,-1.7344805257876421,22,0,0,-1.0061525372656757,-1.3358938743548394,0.4557468000977304,1
-0.5432915732113475,-0.9828235742694954,33,1,1,-0.45434597374428853,0.7527428466498582,-1.0710553946987038,0
-0.7899842878714017,-1.2646949310888005,30,1,1,-0.6337952626943332,0.1000438713358901,-0.5621213297665592,0
-1.3820468030555317,-1.4212901293217477,29,1,1,-0.8356757127631333,-0.03049592372690362,-0.05318726483441437,0
-1.7866228550980205,-1.4526091689683371,27,0,0,-0.9747489116994179,-1.2053540792920459,0.4557468000977304,1
0.3448021995648476,-0.4034213408075906,41,1,1,0.2858823431746455,1.144362231838239,-1.0710553946987038,0
-0.9873384595994451,-1.1080997328558533,32,1,1,-0.7235199071693554,-0.16103571878969686,-0.5621213297665592,0
-0.8886613737354234,-1.6561829266711685,29,1,1,-0.6562264238130887,0.36112346146147756,-0.5621213297665592,0
-1.9642416096532596,-1.6405234068478738,22,0,0,-1.0173681178250535,-1.9450795846478763,-0.05318726483441437,1
0.02903552479997821,-0.7949093363899588,39,1,1,0.08400189310584533,0.9703091717545145,-1.0710553946987038,0
-1.4708561803331512,-1.577885327554695,28,1,1,-0.8693224544412667,-0.07400918874783438,-0.5621213297665592,0
-1.155089505568282,-1.0611211733859691,29,1,0,-0.9029691961194001,-0.37860204389435304,-0.05318726483441437,1
-1.747152020752412,-1.4526091689683371,27,0,0,-1.0173681178250535,-1.683999994522289,0.4557468000977304,1
-1.806358272270825,-1.687501966317758,25,0,0,-1.02409746616068,-1.3794071393757705,-0.05318726483441437,1
-0.5926301161433584,-0.7949093363899588,36,1,1,-0.532855037659933,0.535176521545202,-0.5621213297665592,0
-0.34593740148330415,-0.5600165390405378,35,1,1,-0.2524655236754883,0.9267959067335831,-1.0710553946987038,0
-1.332708260123521,-1.4212901293217477,31,1,1,-0.8132445516443777,-0.11752245376876562,-0.5621213297665592,0
-1.9445061924804554,-1.7657995654342316,23,0,0,-1.0128818856013024,-1.8145397895850826,0.4557468000977304,1
-1.8359613980300316,-1.4995877284382213,25,0,0,-0.9983016308741113,-1.5099469344385643,-0.05318726483441437,1
0.29546365663283675,-0.24682614257464341,42,1,1,0.35317582653091223,1.0573357017963765,-1.0710553946987038,0
-1.046544711117858,-0.9671640544462007,34,1,1,-0.7908133905256222,-0.46562857393621554,-0.05318726483441437,1
-0.44461448734732584,-0.5600165390405378,33,1,1,-0.4431303931849107,0.8397693766917207,-0.5621213297665592,0
-1.6484749348883903,-1.5465662879081055,27,1,0,-0.94334528613316,-0.98778775418739,-0.05318726483441437,1
-0.6024978247297605,-1.2646949310888005,30,1,1,-0.588932940456822,0.4916632565242713,-0.5621213297665592,0
-0.22752489844647816,-0.8732069355064324,32,1,1,-0.2973278459129995,0.7962561116707895,-1.0710553946987038,0
-1.8852999409620423,-1.797118605080821,24,0,0,-1.0083956533775513,-1.683999994522289,-0.05318726483441437,1
-0.9873384595994451,-1.29601397073539,31,1,1,-0.745951068288111,0.27409693141961505,-0.5621213297665592,0
-0.7801165792849996,-1.2646949310888005,35,1,1,-0.6337952626943332,0.14355713635682135,-0.5621213297665592,0
-0.4051436530017172,-0.951504534622906,33,1,1,-0.42069923206615517,0.9267959067335831,-1.0710553946987038,0
-1.7668874379252164,-1.6092043672012843,22,0,0,-1.0016663050419246,-1.8145397895850826,-0.05318726483441437,1
0.02903552479997821,-0.4817189399240643,39,1,1,0.061570731987089754,1.1008489668173076,-1.0710553946987038,0
-0.09924468682324997,-0.325123741691117,38,1,1,-0.09544739584419928,0.6657163166079958,-1.0710553946987038,0
-1.811292126564026,-1.5074174883498688,25,0,0,-1.0083956533775513,-1.8580530546060139,-0.05318726483441437,1
-1.2438988828459014,-1.4212901293217477,29,1,1,-0.8468912933225111,-0.37860204389435304,-0.5621213297665592,0
-1.1156186712226732,-1.1394187725024427,28,1,1,-0.7683822294068666,-0.16103571878969686,-0.5621213297665592,0
-1.9642416096532596,-1.859756684374,21,0,0,-1.0184896758809914,-2.07561937971067,-0.05318726483441437,1
0.3448021995648476,0.06636425389125108,41,1,1,0.3756069876496678,1.144362231838239,-1.0710553946987038,0
-0.9774707510130429,-1.2646949310888005,29,1,1,-0.7235199071693554,0.14355713635682135,-0.5621213297665592,0
-1.806358272270825,-1.6405234068478738,22,0,0,-1.0050309792097378,-1.5534601994594954,0.4557468000977304,1
-1.579400974783575,-1.6092043672012843,28,1,1,-0.9254003572381556,-0.5091418389571468,-0.5621213297665592,1
-0.09924468682324997,-0.7949093363899588,34,1,1,-0.162740879200466,1.0138224367754456,-1.0710553946987038,0
-0.0005676009592282952,-0.6383141381570115,40,1,1,-0.016938331928554765,1.1008489668173076,-1.0710553946987038,0
-1.806358272270825,-1.342992530205274,25,0,0,-1.0083956533775513,-1.7710265245641514,-0.05318726483441437,1
-0.34593740148330415,-0.4034213408075906,35,1,1,-0.3421901681505106,0.6222030515870645,-0.5621213297665592,0
-0.2965988585512933,-0.951504534622906,36,1,1,-0.28611226535362166,0.8397693766917207,-1.0710553946987038,0
-1.1846926313274884,-1.577885327554695,28,1,1,-0.8244601322037556,0.013017341294027622,-0.5621213297665592,0
-1.9346384838940531,-1.7344805257876421,23,0,0,-1.0128818856013024,-1.7275132595432203,-0.05318726483441437,1
0.29546365663283675,-0.16852854345816978,41,1,1,0.31952908485277887,1.18787549685917,-1.0710553946987038,0
-1.0564124197042601,-0.8732069355064324,31,1,1,-0.7683822294068666,-0.4221153089152843,-0.5621213297665592,1
-1.3129728429507166,-1.4212901293217477,27,1,1,-0.8356757127631333,-0.11752245376876562,-0.5621213297665592,0
-1.51032701467876,-1.4839282086149266,29,1,1,-0.8805380350006444,-0.7702214290827337,-0.05318726483441437,1
0.16718344500960855,-0.7166117372734851,39,1,1,0.0167084097495786,1.0138224367754456,-1.0710553946987038,0
-1.9741093182396618,-1.7031614861410527,21,0,0,-1.0207327919928668,-1.901566319626945,0.4557468000977304,1
-0.8985290823218256,-1.2646949310888005,33,1,1,-0.6786575849318442,0.1000438713358901,-0.5621213297665592,0
-1.7570197293388141,-1.4369496491450424,27,0,0,-1.0106387694894268,-1.5969734644804265,-0.05318726483441437,1
-0.2472603156192825,-0.7479307769200746,36,1,1,-0.2524655236754883,0.8397693766917207,-1.0710553946987038,0
-0.7899842878714017,-0.951504534622906,34,1,1,-0.6337952626943332,0.05653060631495886,-0.5621213297665592,0
-1.9642416096532596,-1.7031614861410527,24,0,0,-1.019611233936929,-1.7710265245641514,0.4557468000977304,1
0.3645376167376519,0.14466185300772472,42,1,1,0.420469309887179,1.18787549685917,-1.0710553946987038,0
-1.214295757086695,-1.0298021337393797,28,1,1,-0.8468912933225111,-0.2915755138524906,-0.5621213297665592,1
-1.3129728429507166,-1.2646949310888005,27,1,1,-0.8468912933225111,-0.37860204389435304,-0.5621213297665592,1
-0.4939530302793367,-1.1080997328558533,32,1,1,-0.45434597374428853,0.6657163166079958,-1.0710553946987038,0
-1.6090041005427815,-1.515247248261516,26,1,0,-0.9411021700212845,-1.0748142842292523,-0.5621213297665592,1
-1.0564124197042601,-1.1863973319723269,29,1,1,-0.7683822294068666,-0.03049592372690362,-0.5621213297665592,0
-0.35580511006970633,-0.7949093363899588,35,1,1,-0.319759007031755,0.9703091717545145,-1.0710553946987038,0
-1.8162259808572272,-1.6405234068478738,22,0,0,-1.0083956533775513,-1.5099469344385643,0.4557468000977304,1
-0.12884781258245648,-0.4817189399240643,38,1,1,-0.11787855696295486,0.8832826417126519,-1.0710553946987038,0
-0.04990614389123913,-0.4034213408075906,33,1,1,-0.09544739584419928,0.9267959067335831,-1.0710553946987038,0
-1.7964905636844228,-1.4526091689683371,25,0,0,-1.0039094211538002,-1.7710265245641514,-0.05318726483441437,1
-1.2833697171915102,-1.342992530205274,29,1,1,-0.8244601322037556,-0.2915755138524906,-0.5621213297665592,0
-1.1156186712226732,-1.1394187725024427,28,1,1,-0.7683822294068666,0.1000438713358901,-0.5621213297665592,0
-2.0037124439988685,-1.8127781249041157,20,0,0,-1.0173681178250535,-2.119132644731601,0.4557468000977304,1
-0.1485832297552608,-0.24682614257464341,36,1,1,-0.1515252986410882,0.7527428466498582,-0.5621213297665592,0
-0.7899842878714017,-0.9828235742694954,34,1,1,-0.6337952626943332,0.18707040137775258,-0.5621213297665592,0
-1.747152020752412,-1.4212901293217477,27,0,0,-1.0162465597691157,-1.683999994522289,-0.05318726483441437,1
-0.1485832297552608,-0.4817189399240643,37,1,1,-0.14030971808171044,1.0138224367754456,-1.0710553946987038,0
-0.5235561560385432,-0.951504534622906,30,1,1,-0.49920829598179967,0.535176521545202,-0.5621213297665592,0
0.29546365663283675,-0.4034213408075906,44,1,1,0.3083135042934011,1.1008489668173076,-1.0710553946987038,0
-1.5497978490243687,-1.515247248261516,26,1,1,-0.9029691961194001,-0.5961683689990088,-0.5621213297665592,1
-1.806358272270825,-1.3899710896751583,23,0,0,-1.0128818856013024,-1.7710265245641514,0.4557468000977304,1
-0.8491905393898147,-0.8732069355064324,33,1,1,-0.7010887460505999,0.23058366639868383,-0.5621213297665592,0
-1.7767551465116185,-1.515247248261516,26,0,0,-0.9926938405944223,-1.3794071393757705,-0.05318726483441437,1
-0.0005676009592282952,-0.6383141381570115,36,1,1,-0.05058507360668813,1.0573357017963765,-1.0710553946987038,0
-0.1485832297552608,-0.7949093363899588,39,1,1,-0.1851720403192216,0.9267959067335831,-1.0710553946987038,0
-1.2438988828459014,-1.4212901293217477,28,1,1,-0.8356757127631333,-0.2045489838106281,-0.05318726483441437,0
-1.678078060647597,-1.342992530205274,25,1,0,-0.959047098916289,-1.1183275492501834,0.4557468000977304,1
-0.3064665671376955,-0.6383141381570115,35,1,1,-0.3646213292692662,0.8832826417126519,-0.5621213297665592,0
-1.924770775307651,-1.6092043672012843,22,0,0,-1.0162465597691157,-1.901566319626945,-0.05318726483441437,1
-0.750513453525793,-1.1550782923257374,30,1,1,-0.6562264238130887,0.14355713635682135,-0.5621213297665592,0
-0.17818635551446732,-0.8732069355064324,38,1,1,-0.2524655236754883,0.8832826417126519,-1.0710553946987038,0
-1.747152020752412,-1.4369496491450424,24,0,0,-1.0106387694894268,-1.5534601994594954,0.4557468000977304,1
-0.69130720200738,-1.0298021337393797,32,1,1,-0.6113641015755775,0.27409693141961505,-0.5621213297665592,0
-0.0005676009592282952,-0.5130379795706537,40,1,1,-0.12909413752233265,0.9703091717545145,-1.0710553946987038,0
-1.332708260123521,-1.342992530205274,31,1,1,-0.8244601322037556,-0.03049592372690362,-0.5621213297665592,0
-1.9642416096532596,-1.8127781249041157,22,0,0,-1.0207327919928668,-2.032106114689739,-0.05318726483441437,1
0.29546365663283675,-0.09023094434169616,44,1,1,0.34196024597153446,1.144362231838239,-1.0710553946987038,0
-0.7702488706985974,-1.0298021337393797,35,1,1,-0.6674420043724665,0.05653060631495886,-0.5621213297665592,0
-1.747152020752412,-1.405630609498453,27,0,0,-1.0027878630978624,-1.683999994522289,0.4557468000977304,1
-0.22752489844647816,-0.5600165390405378,36,1,1,-0.2973278459129995,0.8397693766917207,-0.5621213297665592,0
-0.395275944415315,-0.7949093363899588,33,1,1,-0.3421901681505106,0.9267959067335831,-1.0710553946987038,0
-1.924770775307651,-1.687501966317758,21,0,0,-1.019611233936929,-1.8580530546060139,-0.05318726483441437,1
-0.9873384595994451,-1.2646949310888005,29,1,1,-0.7571666488474889,0.18707040137775258,-0.5621213297665592,0
-0.42487907017452153,-0.7166117372734851,34,1,1,-0.3870524903880218,0.7962561116707895,-0.5621213297665592,0
-1.8260936894436293,-1.4212901293217477,25,0,0,-1.0039094211538002,-1.5534601994594954,0.4557468000977304,1
-0.6715717848345757,-1.1863973319723269,29,1,1,-0.6337952626943332,0.3176101964405463,-0.5621213297665592,0
-0.06964156106404347,-0.4817189399240643,38,1,1,-0.08423181528482149,0.9703091717545145,-1.0710553946987038,0
-1.7175488949932054,-1.405630609498453,26,0,0,-0.9926938405944223,-1.3358938743548394,0.4557468000977304,1
-0.1485832297552608,-0.8262283760365482,36,1,1,-0.162740879200466,0.7962561116707895,-1.0710553946987038,0
-1.2537665914323035,-1.2646949310888005,30,1,1,-0.8244601322037556,-0.07400918874783438,-0.05318726483441437,0
-1.8162259808572272,-1.6405234068478738,22,0,0,-1.0151250017131779,-1.7710265245641514,0.4557468000977304,1
-0.2965988585512933,-0.7635902967433693,35,1,1,-0.319759007031755,0.8397693766917207,-1.0710553946987038,0
-1.036677002531456,-1.2646949310888005,31,1,1,-0.7571666488474889,0.23058366639868383,-0.5621213297665592,0
-1.7274166035796077,-1.3899710896751583,24,0,0,-1.0027878630978624,-1.6404867295013579,-0.05318726483441437,1
-0.0005676009592282952,-0.24682614257464341,42,1,1,-0.02815391248793255,1.0138224367754456,-1.0710553946987038,0
-0.6024978247297605,-1.2646949310888005,29,1,1,-0.588932940456822,0.4916632565242713,-1.0710553946987038,0
-0.8195874136306082,-0.9828235742694954,33,1,1,-0.6674420043724665,-0.07400918874783438,-0.5621213297665592,0
-1.855696815202836,-1.4526091689683371,25,0,0,-1.0106387694894268,-1.7710265245641514,0.4557468000977304,1
0.3448021995648476,0.22295945212419832,46,1,1,0.420469309887179,1.144362231838239,-1.0710553946987038,0
-1.0662801282906624,-0.8732069355064324,30,1,1,-0.7683822294068666,-0.46562857393621554,-0.05318726483441437,1
-1.2833697171915102,-1.4212901293217477,29,1,1,-0.8244601322037556,0.013017341294027622,-0.5621213297665592,0
-1.806358272270825,-1.4995877284382213,24,0,0,-1.0061525372656757,-1.6404867295013579,-0.05318726483441437,1
-0.3854082358289128,-0.951504534622906,34,1,1,-0.43191481262553294,0.709229581628927,-0.5621213297665592,0
-0.12884781258245648,-0.4034213408075906,36,1,1,-0.1851720403192216,0.9703091717545145,-1.0710553946987038,0
-1.4116499288147384,-1.4526091689683371,29,1,1,-0.8581068738818889,-0.2915755138524906,-0.05318726483441437,0
-1.7668874379252164,-1.342992530205274,28,0,0,-1.0106387694894268,-1.683999994522289,0.4557468000977304,1
-0.0005676009592282952,-0.5600165390405378,41,1,1,-0.005722751369176975,1.0138224367754456,-1.0710553946987038,0
-0.9873384595994451,-1.2646949310888005,33,1,1,-0.7010887460505999,0.27409693141961505,-0.5621213297665592,0
-1.8260936894436293,-1.5935448473779896,25,0,0,-1.0128818856013024,-1.8145397895850826,-0.05318726483441437,1
-0.19792177268727165,-0.6383141381570115,36,1,1,-0.2636811042348661,0.9267959067335831,-0.5621213297665592,0
-0.42487907017452153,-0.9828235742694954,31,1,1,-0.47677713486304407,0.6657163166079958,-1.0710553946987038,0
-1.7274166035796077,-1.3899710896751583,22,0,0,-1.0027878630978624,-1.6404867295013579,0.4557468000977304,1
-0.1485832297552608,-0.35644278133770646,39,1,1,-0.09544739584419928,1.0573357017963765,-1.0710553946987038,0
-0.2965988585512933,-0.8105688562132535,37,1,1,-0.2524655236754883,0.6657163166079958,-0.5621213297665592,0
-1.3721790944691297,-1.4212901293217477,28,1,1,-0.8356757127631333,-0.11752245376876562,-0.05318726483441437,0
-1.8458291066164336,-1.5622258077314002,26,0,0,-1.0106387694894268,-1.4229204043967019,-0.05318726483441437,1
0.2066542793552172,-0.325123741691117,40,1,1,0.1064330542246009,1.0138224367754456,-1.0710553946987038,0
-0.5038207388657389,-0.7949093363899588,35,1,1,-0.43191481262553294,0.709229581628927,-0.5621213297665592,0
-1.332708260123521,-1.342992530205274,29,1,1,-0.8244601322037556,-0.07400918874783438,-0.05318726483441437,0
-1.9445061924804554,-1.7501400456109368,22,0,0,-1.0128818856013024,-1.901566319626945,0.4557468000977304,1
-0.8689259565626191,-1.1080997328558533,34,1,1,-0.7010887460505999,0.18707040137775258,-0.5621213297665592,0
-0.010435309545630463,-0.5130379795706537,38,1,1,-0.14030971808171044,0.9703091717545145,-1.0710553946987038,0
-1.806358272270825,-1.4995877284382213,26,0,0,-1.0061525372656757,-1.6404867295013579,0.4557468000977304,1
-0.2472603156192825,-0.8732069355064324,31,1,1,-0.2524655236754883,0.8397693766917207,-1.0710553946987038,0
-0.9873384595994451,-1.2490354112655058,30,1,1,-0.7571666488474889,0.23058366639868383,-0.5621213297665592,0
-1.7866228550980205,-1.4526091689683371,24,0,0,-1.0016663050419246,-1.5969734644804265,-0.05318726483441437,1
-0.42487907017452153,-0.6383141381570115,35,1,1,-0.3421901681505106,0.6657163166079958,-0.5621213297665592,0
-0.1485832297552608,-0.4817189399240643,37,1,1,-0.162740879200466,0.9703091717545145,-1.0710553946987038,0
-1.4116499288147384,-1.3586520500285688,28,1,1,-0.8581068738818889,-0.2915755138524906,-0.05318726483441437,0
-1.8458291066164336,-1.4839282086149266,22,0,0,-1.0151250017131779,-1.8580530546060139,0.4557468000977304,1
0.3448021995648476,0.14466185300772472,43,1,1,0.3756069876496678,1.1008489668173076,-1.0710553946987038,0
-0.750513453525793,-1.0298021337393797,31,1,1,-0.6786575849318442,0.05653060631495886,-0.5621213297665592,0
-1.678078060647597,-1.2646949310888005,25,1,0,-0.959047098916289,-1.031301019208321,0.4557468000977304,1
-0.2669957327920868,-0.6383141381570115,36,1,1,-0.3421901681505106,0.8397693766917207,-0.5621213297665592,0
-0.44461448734732584,-0.7949093363899588,32,1,1,-0.43191481262553294,0.7962561116707895,-1.0710553946987038,0
-1.855696815202836,-1.6092043672012843,24,0,0,-1.0128818856013024,-1.7710265245641514,-0.05318726483441437,1
-0.12884781258245648,-0.35644278133770646,38,1,1,-0.12909413752233265,0.9703091717545145,-1.0710553946987038,0
-1.3524436772963253,-1.3899710896751583,27,1,1,-0.8468912933225111,-0.16103571878969686,-0.5621213297665592,0
-1.7866228550980205,-1.4369496491450424,25,0,0,-1.0162465597691157,-1.683999994522289,0.4557468000977304,1
0.04877094197278254,-0.5600165390405378,40,1,1,-0.005722751369176975,1.0573357017963765,-1.0710553946987038,0
-0.6419686590753692,-0.951504534622906,30,1,1,-0.5440706182193108,0.4916632565242713,-0.5621213297665592,0
-1.332708260123521,-1.2646949310888005,29,1,1,-0.8244601322037556,-0.2045489838106281,-0.05318726483441437,0
-1.9741093182396618,-1.7031614861410527,23,0,0,-1.0151250017131779,-1.8145397895850826,0.4557468000977304,1
-0.7899842878714017,-1.1080997328558533,31,1,1,-0.6674420043724665,0.18707040137775258,-0.5621213297665592,0
-0.04990614389123913,-0.325123741691117,39,1,1,-0.09544739584419928,1.0138224367754456,-1.0710553946987038,0
-1.806358272270825,-1.4526091689683371,25,0,0,-1.0128818856013024,-1.7275132595432203,0.4557468000977304,1
-0.18805406410086947,-0.7166117372734851,33,1,1,-0.23003436255673274,0.7962561116707895,-0.5621213297665592,0
-0.44461448734732584,-0.7949093363899588,37,1,1,-0.3982680709473996,0.6657163166079958,-1.0710553946987038,0
-1.7668874379252164,-1.5309067680848107,24,0,0,-1.0173681178250535,-1.5534601994594954,0.4557468000977304,1
-0.34593740148330415,-0.6383141381570115,34,1,1,-0.319759007031755,0.8397693766917207,-0.5621213297665592,0
-0.0005676009592282952,-0.35644278133770646,41,1,1,-0.02815391248793255,1.0573357017963765,-1.0710553946987038,0
-1.1846926313274884,-1.3743115698518635,29,1,1,-0.8244601322037556,-0.03049592372690362,-0.5621213297665592,0
-1.8359613980300316,-1.5465662879081055,26,0,0,-1.0128818856013024,-1.5969734644804265,0.4557468000977304,1
-0.3854082358289128,-0.8262283760365482,35,1,1,-0.4431303931849107,0.7962561116707895,-1.0710553946987038,0
-0.19792177268727165,-0.5600165390405378,38,1,1,-0.2636811042348661,0.9267959067335831,-1.0710553946987038,0
-1.3129728429507166,-1.29601397073539,30,1,1,-0.8356757127631333,-0.16103571878969686,-0.5621213297665592,0
-1.9445061924804554,-1.7031614861410527,23,0,0,-1.0128818856013024,-1.7710265245641514,0.4557468000977304,1
0.09810948490479338,-0.4034213408075906,41,1,1,-0.005722751369176975,1.1008489668173076,-1.0710553946987038,0
-0.9873384595994451,-1.233375891442211,29,1,1,-0.7571666488474889,0.18707040137775258,-0.5621213297665592,0
-1.8359613980300316,-1.4369496491450424,25,0,0,-1.0083956533775513,-1.6404867295013579,0.4557468000977304,1
-0.2472603156192825,-0.7166117372734851,33,1,1,-0.2524655236754883,0.8397693766917207,-1.0710553946987038,0
-0.8393228308034125,-1.0298021337393797,30,1,1,-0.6786575849318442,0.14355713635682135,-0.5621213297665592,0
-1.7767551465116185,-1.4212901293217477,26,0,0,-0.9983016308741113,-1.5099469344385643,0.4557468000977304,1
-0.41501136158811935,-0.7166117372734851,37,1,1,-0.3534057487098884,0.709229581628927,-0.5621213297665592,0
-0.12884781258245648,-0.4817189399240643,39,1,1,-0.162740879200466,0.9703091717545145,-1.0710553946987038,0
-1.2932374257779122,-1.3273330103819794,29,1,1,-0.8244601322037556,-0.11752245376876562,-0.05318726483441437,0
-1.806358272270825,-1.5622258077314002,23,0,0,-1.0117603275453646,-1.8145397895850826,0.4557468000977304,1
0.29546365663283675,-0.04325238487181199,45,1,1,0.35317582653091223,1.144362231838239,-1.0710553946987038,0
-0.9873384595994451,-1.1863973319723269,30,1,1,-0.7347354877287332,0.23058366639868383,-0.5621213297665592,0
-1.3623113858827274,-1.4839282086149266,28,1,1,-0.8468912933225111,-0.2045489838106281,-0.05318726483441437,0
-1.7668874379252164,-1.5465662879081055,24,0,0,-1.0106387694894268,-1.6404867295013579,0.4557468000977304,1
-0.12884781258245648,-0.35644278133770646,38,1,1,-0.11787855696295486,0.9703091717545145,-1.0710553946987038,0
-0.41501136158811935,-0.8732069355064324,34,1,1,-0.3870524903880218,0.709229581628927,-0.5621213297665592,0
-1.9346384838940531,-1.6718424464944632,26,0,0,-1.0151250017131779,-1.8580530546060139,-0.05318726483441437,1
0.009300107627173872,-0.4034213408075906,40,1,1,0.03913957086833418,1.1008489668173076,-1.0710553946987038,0
0.19678657076881506,-0.19984758310475922,42,1,1,0.1064330542246009,1.1008489668173076,-1.0710553946987038,0
-1.1846926313274884,-1.342992530205274,29,1,1,-0.8244601322037556,0.013017341294027622,-0.05318726483441437,0
-1.8260936894436293,-1.577885327554695,23,0,0,-1.0083956533775513,-1.683999994522289,0.4557468000977304,1
-0.2965988585512933,-0.6383141381570115,35,1,1,-0.2973278459129995,0.8397693766917207,-1.0710553946987038,0
-0.8886613737354234,-1.0767806932092638,30,1,1,-0.689873165491222,0.14355713635682135,-0.5621213297665592,0
-1.8359613980300316,-1.4212901293217477,25,0,0,-1.0027878630978624,-1.5099469344385643,0.4557468000977304,1
-0.09924468682324997,-0.4817189399240643,38,1,1,-0.11787855696295486,0.9703091717545145,-1.0710553946987038,0
-0.42487907017452153,-0.7949093363899588,35,1,1,-0.375836909828644,0.709229581628927,-0.5621213297665592,0
-1.8162259808572272,-1.5622258077314002,22,0,0,-1.0106387694894268,-1.7710265245641514,0.4557468000977304,1
-0.2669957327920868,-0.5600165390405378,37,1,1,-0.2748966847942439,0.8832826417126519,-1.0710553946987038,0
-0.9774707510130429,-1.1863973319723269,29,1,1,-0.745951068288111,0.18707040137775258,-0.5621213297665592,0
-1.7767551465116185,-1.4369496491450424,26,0,0,-1.0005447469859867,-1.5534601994594954,0.4557468000977304,1
-0.09924468682324997,-0.325123741691117,41,1,1,-0.09544739584419928,1.0138224367754456,-1.0710553946987038,0
-0.7899842878714017,-0.951504534622906,32,1,1,-0.6562264238130887,0.23058366639868383,-0.5621213297665592,0
-1.806358272270825,-1.5465662879081055,25,0,0,-1.0061525372656757,-1.7275132595432203,-0.05318726483441437,1
-0.3755405272425107,-0.7949093363899588,33,1,1,-0.3421901681505106,0.709229581628927,-0.5621213297665592,0
-0.1485832297552608,-0.497378459747359,36,1,1,-0.12909413752233265,0.9703091717545145,-1.0710553946987038,0
-1.3129728429507166,-1.3899710896751583,28,1,1,-0.8356757127631333,-0.16103571878969686,-0.05318726483441437,0
-1.8162259808572272,-1.6092043672012843,24,0,0,-1.0117603275453646,-1.7710265245641514,0.4557468000977304,1
-0.22752489844647816,-0.669633177803601,37,1,1,-0.23003436255673274,0.9267959067335831,-1.0710553946987038,0
-0.750513453525793,-0.8732069355064324,31,1,1,-0.689873165491222,0.1000438713358901,-0.5621213297665592,0
-1.7866228550980205,-1.4995877284382213,27,0,0,-1.0072740953216135,-1.5534601994594954,-0.05318726483441437,1
0.04877094197278254,-0.24682614257464341,41,1,1,0.02792399030895639,1.0573357017963765,-1.0710553946987038,0
-0.7406457449393908,-1.2646949310888005,29,1,1,-0.47677713486304407,0.6657163166079958,-0.5621213297665592,0
-1.2340311742594992,-1.1080997328558533,31,1,1,-0.7683822294068666,-0.63968163401994,0.4557468000977304,1
-0.5432915732113475,-0.951504534622906,27,1,1,-0.3646213292692662,0.9703091717545145,-1.0710553946987038,0
-1.8260936894436293,-1.6561829266711685,26,0,0,-0.9926938405944223,-1.9450795846478763,-0.05318726483441437,1
-0.9379999166674342,-1.8910757240205895,33,1,1,-0.7010887460505999,0.36112346146147756,-0.5621213297665592,0
-1.7274166035796077,-1.6561829266711685,25,0,0,-1.0151250017131779,-1.5099469344385643,-0.5621213297665592,1
0.2461251137008259,-0.011933345225222538,40,1,1,0.3083135042934011,1.18787549685917,-1.0710553946987038,0
-2.0234478611716726,-1.7344805257876421,22,0,0,-1.0263405822725558,-2.1626459097525323,0.4557468000977304,1
-0.1485832297552608,-0.7949093363899588,30,1,1,-0.09544739584419928,0.8397693766917207,-1.0710553946987038,0
-1.924770775307651,-1.7031614861410527,24,0,0,-1.019611233936929,-1.5969734644804265,-0.05318726483441437,1
-0.6419686590753692,-1.2646949310888005,28,1,1,-0.47677713486304407,0.7962561116707895,-0.5621213297665592,0
-1.332708260123521,-1.577885327554695,29,1,1,-0.8356757127631333,0.1000438713358901,-0.05318726483441437,0
-1.7767551465116185,-1.342992530205274,25,0,0,-1.0039094211538002,-1.2053540792920459,0.4557468000977304,1
-0.04990614389123913,-0.6383141381570115,35,1,1,0.08400189310584533,0.9267959067335831,-1.0710553946987038,0
-1.628739517715586,-1.4526091689683371,26,1,0,-0.9702626794756668,-0.4221153089152843,-0.5621213297665592,1
0.542156371292891,-0.16852854345816978,38,1,1,0.5326251154809569,1.1008489668173076,-1.0710553946987038,0
-1.4313853459875425,-1.7344805257876421,29,1,1,-0.8356757127631333,0.013017341294027622,-0.5621213297665592,0
-1.87543223237564,-1.7501400456109368,23,0,0,-1.0151250017131779,-1.8145397895850826,-0.05318726483441437,1
-0.34593740148330415,-0.951504534622906,30,1,1,-0.2524655236754883,0.7527428466498582,-1.0710553946987038,0
-1.9741093182396618,-1.6561829266711685,21,0,0,-1.0263405822725558,-2.07561937971067,0.4557468000977304,1
-0.5432915732113475,-0.7949093363899588,30,1,1,0.08400189310584533,0.9703091717545145,-0.05318726483441437,0
-1.5300624318515643,-1.4995877284382213,26,1,0,-0.8581068738818889,-0.63968163401994,-1.0710553946987038,1
-0.9379999166674342,-0.951504534622906,40,1,1,-0.47677713486304407,0.44814999150334,0.4557468000977304,0
-1.7274166035796077,-1.7344805257876421,35,0,0,-0.9702626794756668,-1.292380609333908,-1.0710553946987038,1
-0.2472603156192825,-0.6383141381570115,29,1,1,0.3083135042934011,1.1008489668173076,0.9646808650298752,0
-1.2340311742594992,-1.0298021337393797,32,1,1,-0.7683822294068666,-1.0748142842292523,-0.5621213297665592,1
-1.924770775307651,-2.0476709222535368,45,0,0,-0.9926938405944223,-1.5099469344385643,-1.5799894596308486,1
0.2461251137008259,-0.011933345225222538,31,1,1,0.5326251154809569,0.7962561116707895,0.4557468000977304,0
-0.7406457449393908,-0.4034213408075906,28,1,1,-0.7010887460505999,-0.8572479591245962,-1.0710553946987038,1
-1.5300624318515643,-2.0476709222535368,24,1,1,-0.6337952626943332,0.8832826417126519,-0.5621213297665592,0
-0.9379999166674342,-1.7344805257876421,27,1,1,-0.3646213292692662,1.0138224367754456,-0.05318726483441437,0
-0.5432915732113475,-0.09023094434169616,42,1,0,-0.8132445516443777,-0.9442744891664587,-1.0710553946987038,1
-1.1353540883954776,-0.951504534622906,39,1,1,-0.8356757127631333,-0.7702214290827337,-0.5621213297665592,1
0.04877094197278254,-0.325123741691117,33,1,1,0.7569367266685126,0.8397693766917207,0.9646808650298752,0
-1.8260936894436293,-1.859756684374,50,0,0,-1.0039094211538002,-1.7275132595432203,-1.5799894596308486,1
0.7395105430209343,0.6144474477065665,37,1,1,0.9812483378560684,0.9267959067335831,1.4736149299620198,0
-0.7406457449393908,-1.1080997328558533,25,1,1,-0.14030971808171044,0.7527428466498582,-0.05318726483441437,0
-1.332708260123521,-1.4212901293217477,29,1,0,-0.9029691961194001,-0.4221153089152843,-1.0710553946987038,1
-0.1485832297552608,-0.011933345225222538,41,1,1,-0.2524655236754883,-0.63968163401994,-0.5621213297665592,1
-1.7274166035796077,-2.12596852137001,23,1,1,-0.7683822294068666,1.144362231838239,-1.0710553946987038,0
-0.9379999166674342,-0.7166117372734851,36,0,1,-0.8805380350006444,-0.5091418389571468,-0.5621213297665592,1
-0.34593740148330415,-1.1080997328558533,27,1,1,0.08400189310584533,1.0573357017963765,0.4557468000977304,0
-1.5300624318515643,-1.6561829266711685,31,1,0,-0.8356757127631333,-0.3350887788734218,-1.0710553946987038,1
0.2461251137008259,1.084233042405408,45,1,1,-0.588932940456822,-1.2053540792920459,-1.0710553946987038,1
-1.1353540883954776,-1.7344805257876421,22,1,1,-0.47677713486304407,0.8832826417126519,-0.5621213297665592,0
-0.7406457449393908,-0.7949093363899588,34,1,1,-0.319759007031755,0.36112346146147756,-0.05318726483441437,0
-1.2340311742594992,-1.2646949310888005,38,0,1,-0.9254003572381556,-0.552655103978078,-1.0710553946987038,1
-0.1485832297552608,-0.16852854345816978,30,1,1,-0.02815391248793255,0.5786897865661332,0.4557468000977304,0
-1.924770775307651,-1.9537138033137684,33,1,0,-0.9702626794756668,-0.98778775418739,-1.5799894596308486,1
0.04877094197278254,0.14466185300772472,39,1,1,0.3083135042934011,0.4046367264824088,-0.05318726483441437,0
-0.9379999166674342,-0.4817189399240643,44,1,0,-0.8805380350006444,-1.2488673443129772,-0.5621213297665592,1
-0.5432915732113475,-1.1080997328558533,26,1,1,-0.09544739584419928,0.7962561116707895,-0.05318726483441437,0
-1.332708260123521,-1.1863973319723269,32,0,0,-0.9478315183569112,-0.7702214290827337,-1.0710553946987038,1
0.4434792854288693,0.3012570512406719,35,1,1,0.6447809210747347,0.709229581628927,0.9646808650298752,0
-1.8260936894436293,-2.204266120486484,24,1,1,-0.8356757127631333,1.0138224367754456,-1.0710553946987038,0
-0.2472603156192825,0.14466185300772472,43,1,0,-0.7010887460505999,-0.9007612241455275,-0.5621213297665592,1
-1.1353540883954776,-1.577885327554695,29,1,1,-0.45434597374428853,0.6657163166079958,-0.5621213297665592,0
-1.5300624318515643,-1.342992530205274,48,0,1,-0.9254003572381556,-1.3358938743548394,-1.0710553946987038,1
-0.04990614389123913,-0.325123741691117,31,1,1,0.420469309887179,0.8832826417126519,0.4557468000977304,0
-0.7406457449393908,-0.24682614257464341,40,1,0,-0.8581068738818889,-0.813734694103665,-1.0710553946987038,1
-1.2340311742594992,-1.8910757240205895,27,1,1,-0.5216394571005553,0.9703091717545145,-0.5621213297665592,0
-0.9379999166674342,-0.7949093363899588,34,1,1,-0.6337952626943332,-0.2915755138524906,-0.5621213297665592,1
0.2461251137008259,0.7710426459395137,46,1,1,-0.3646213292692662,-0.7267081640618025,-0.5621213297665592,1
-0.5432915732113475,-0.951504534622906,28,1,1,0.03913957086833418,0.8397693766917207,-0.05318726483441437,0
-1.7274166035796077,-1.7657995654342316,37,0,0,-0.9814782600350446,-1.1183275492501834,-1.5799894596308486,1
-0.1485832297552608,-0.7949093363899588,25,1,1,0.1288642153433565,0.9267959067335831,0.4557468000977304,0
-1.332708260123521,-1.7344805257876421,30,1,1,-0.5665017793380664,0.7527428466498582,-0.5621213297665592,0
-0.34593740148330415,0.14466185300772472,41,1,0,-0.745951068288111,-0.8572479591245962,-1.0710553946987038,1
-1.1353540883954776,-0.7949093363899588,38,0,1,-0.9029691961194001,-1.031301019208321,-1.0710553946987038,1
0.04877094197278254,-0.16852854345816978,33,1,1,0.5326251154809569,0.7962561116707895,0.4557468000977304,0
0.0990962557634336,-0.43160847648952116,29,1,1,-0.11339232473920374,0.36112346146147756,-0.5621213297665592,0
-0.7564340786776343,-1.0752147412269344,33,1,1,0.3621482909784145,0.4916632565242713,-1.0710553946987038,0
1.747990360551236,1.176624209362847,41,1,1,1.1763994395892419,0.9703091717545145,-0.05318726483441437,0
-1.0573991905629005,-1.7015955341587232,27,1,1,-0.3242452392555062,0.18707040137775258,-0.5621213297665592,1
2.536420276604769,1.571244108909874,45,1,1,2.1476687160313586,1.1008489668173076,-1.5799894596308486,0
-0.2581147950643249,-0.7322712570967799,31,1,1,0.13559356367898315,0.709229581628927,-1.0710553946987038,0
0.3645376167376519,0.06793020587358055,36,1,1,0.6672120821934904,0.7962561116707895,-0.05318726483441437,0
-0.8797804360076614,-1.3586520500285688,28,1,1,-0.3870524903880218,0.1000438713358901,-0.5621213297665592,1
1.9226488025305541,0.6614260071764506,47,1,1,1.6653987519781135,0.9267959067335831,0.4557468000977304,0
-0.4840853216929345,-0.9013940711883629,30,1,1,-0.016938331928554765,0.3176101964405463,-1.0710553946987038,0
0.7898358568115853,0.2996910992583425,39,1,1,0.9363860156185573,0.8397693766917207,-0.5621213297665592,0
-0.804785850751005,-1.1331549645731247,26,1,1,-0.49920829598179967,-0.03049592372690362,-0.05318726483441437,1
2.3617618346254505,1.4287424785178922,44,1,1,1.977191891528816,1.0573357017963765,-1.0710553946987038,0
-0.32422844259321937,-0.7620243447610399,33,1,1,0.06605696421084087,0.5786897865661332,-0.5621213297665592,0
0.5362357461410496,-0.03542262496016462,38,1,1,0.7008588238716237,0.7527428466498582,-1.0710553946987038,0
-0.9518147086883972,-1.554396047819753,25,1,1,-0.5620155471143152,-0.16103571878969686,-0.5621213297665592,1
2.0825056816302694,0.9432973639957556,49,1,1,1.8313893442569047,0.9703091717545145,0.4557468000977304,0
0.22638969652802157,-0.23899638266299603,32,1,1,0.31952908485277887,0.4916632565242713,-0.5621213297665592,0
0.8816055466651255,0.3654610825161803,40,1,1,1.003679498974824,0.8832826417126519,-0.05318726483441437,0
-0.6666379305413747,-1.2819204028944247,29,1,1,-0.2973278459129995,0.14355713635682135,-1.0710553946987038,1
2.5946397572645417,1.8437197538352024,46,1,1,2.2934712633032697,1.144362231838239,-1.5799894596308486,0
-0.2364058361742401,-0.6320503302276936,34,1,1,0.17372653758086765,0.6222030515870645,-1.0710553946987038,0
0.40203490936598013,0.11334281336113526,37,1,1,0.577487437718468,0.709229581628927,-0.5621213297665592,0
-0.8452434559552539,-1.4181582253570888,28,1,1,-0.42069923206615517,-0.07400918874783438,-0.05318726483441437,1
2.011458179808174,0.864999764879282,48,1,1,1.683343680873118,0.8832826417126519,0.4557468000977304,0
-0.40317011128443675,-0.8121348081955829,31,1,1,-0.11787855696295486,0.4046367264824088,-1.0710553946987038,0
0.665502728622918,0.1509256609370426,39,1,1,0.7569367266685126,0.7962561116707895,-0.5621213297665592,0
-1.014968043641371,-1.6561829266711685,26,1,1,-0.6113641015755775,-0.24806224883155933,-0.5621213297665592,1
2.1713150589078887,1.0920628023170555,50,1,1,1.9278433370675538,1.0138224367754456,-0.05318726483441437,0
-0.5344106354835856,-0.954636438587565,30,1,1,-0.1851720403192216,0.27409693141961505,-1.0710553946987038,0
0.26684730173227045,0.22139350014186884,29,1,1,-0.8177307838681288,-1.2488673443129772,0.9646808650298752,1
-0.8847142903008626,-0.46605942010076956,33,1,1,1.8336324603687804,0.9703091717545145,-1.5799894596308486,0
2.6008070751310433,2.7500144636083843,41,1,1,-0.2524655236754883,-0.5091418389571468,0.4557468000977304,1
-1.254753362290944,-0.9593342945345533,27,1,1,-0.8760518027768933,-1.5969734644804265,-0.05318726483441437,1
2.199931413808455,0.3012570512406719,45,1,1,2.812472253688477,1.18787549685917,-1.0710553946987038,0
-0.060760623336281516,1.7121797873195266,31,1,1,-0.0730162347254437,-0.16103571878969686,1.4736149299620198,1
0.6507011657433148,-1.7344805257876421,36,1,1,2.102806393793847,0.8397693766917207,-0.5621213297665592,0
-1.1067377334949113,-2.0946494817234207,28,1,1,-1.0039094211538002,-2.119132644731601,0.4557468000977304,1
2.6008070751310433,2.7500144636083843,47,1,1,0.3083135042934011,0.14355713635682135,-0.05318726483441437,1
-0.513688447452141,0.7710426459395137,30,1,1,-0.3646213292692662,-1.1183275492501834,-0.5621213297665592,1
1.016793154298835,-1.2584311231594827,39,1,1,2.812472253688477,0.9267959067335831,-1.0710553946987038,0
-0.8195874136306082,-2.204266120486484,26,1,1,-0.45434597374428853,-0.98778775418739,-0.05318726483441437,1
2.6008070751310433,1.5696781569275446,44,1,1,-0.02815391248793255,-0.7702214290827337,0.4557468000977304,1
-0.33409615117962155,-0.15756687958186347,33,1,1,2.812472253688477,1.1008489668173076,-1.5799894596308486,0
0.9210763810107342,0.9292037961547904,38,1,1,1.6541831714187356,0.36112346146147756,-0.5621213297665592,0
-1.5044063895269186,-1.8284376447274104,25,1,1,-1.019611233936929,-2.2061591747734632,0.9646808650298752,1
2.544314443473891,-0.1622647355288519,49,1,1,2.812472253688477,1.0138224367754456,-1.0710553946987038,0
0.39414074249685843,1.242394192620685,32,1,1,-0.9254003572381556,-1.7710265245641514,-0.05318726483441437,1
1.4144618103308426,-0.7949093363899588,40,1,1,2.327118004981403,0.7962561116707895,-0.5621213297665592,0
-0.6843998059968985,0.5048308089435034,29,1,1,0.3083135042934011,-0.46562857393621554,0.4557468000977304,1
2.6008070751310433,2.7500144636083843,46,1,1,1.6541831714187356,0.18707040137775258,-0.05318726483441437,1
-0.12884781258245648,-1.8910757240205895,34,1,1,2.812472253688477,0.7527428466498582,-1.5799894596308486,0
1.1194173235974176,0.6144474477065665,37,1,1,1.0934041434498463,-0.2915755138524906,0.9646808650298752,1
-1.0425976276832971,-1.6405234068478738,28,1,1,-0.9926938405944223,-1.8580530546060139,0.4557468000977304,1
2.6008070751310433,2.7500144636083843,48,1,1,2.812472253688477,1.144362231838239,-1.0710553946987038,0
-0.454482195933728,0.9902759234656399,31,1,1,-0.2973278459129995,-0.813734694103665,-0.05318726483441437,1
0.7908226276702256,-1.4181582253570888,39,1,1,2.812472253688477,0.8397693766917207,-0.5621213297665592,0
-1.2113354445107742,-2.0476709222535368,27,1,1,-0.9702626794756668,-2.07561937971067,1.4736149299620198,1
1.9433709905619987,-0.7949093363899588,43,1,1,2.5514296161689587,0.5786897865661332,-1.0710553946987038,0
-0.7564340786776343,-0.1841880632814645,30,1,1,-0.02815391248793255,-0.9442744891664587,0.4557468000977304,1
2.6008070751310433,2.0238042318030915,50,1,1,0.08400189310584533,-0.11752245376876562,-0.05318726483441437,1
-0.30251948370313464,-1.859756684374,33,1,1,2.812472253688477,1.0573357017963765,-1.0710553946987038,0
0.547090225586092,0.7710426459395137,38,1,1,0.8690925322622906,-0.5091418389571468,0.4557468000977304,1
-0.959708875557519,-2.141628041193305,26,1,1,-1.0128818856013024,-2.336698969836257,1.4736149299620198,1
2.4367564198821072,2.7500144636083843,47,1,1,2.812472253688477,0.9703091717545145,-1.0710553946987038,0
0.49676491179544097,-0.13564355182925086,30,1,1,0.3980381487684234,0.8397693766917207,-0.5621213297665592,0
0.1227787563707988,-0.38149801305497805,27,1,1,0.1288642153433565,0.709229581628927,-1.0710553946987038,0
1.3828851428543556,0.5518093684133876,38,1,1,1.003679498974824,0.9703091717545145,-0.05318726483441437,0
-0.7722224124158779,-0.9123557350646692,25,1,1,-0.5665017793380664,0.36112346146147756,-0.5621213297665592,0
0.8589098169164006,0.2198275481595394,35,1,1,0.7120744044310015,0.8832826417126519,-0.5621213297665592,0
-0.2581147950643249,-0.43160847648952116,29,1,1,-0.23003436255673274,0.4916632565242713,-1.0710553946987038,0
2.598586840699103,1.461627470146811,44,1,1,2.214962199387625,1.1008489668173076,-0.05318726483441437,0
-0.5265164686144639,-0.6085610504927516,31,1,1,-0.40948365150677735,0.44814999150334,-1.0710553946987038,0
1.9187017190959934,0.9652206917483682,41,1,1,1.474733882468691,1.0138224367754456,0.4557468000977304,0
0.34282865784756716,-0.27814518222123286,36,1,1,0.420469309887179,0.7527428466498582,-0.5621213297665592,0
-0.914317416060069,-0.9593342945345533,26,1,1,-0.6562264238130887,0.23058366639868383,-0.5621213297665592,0
1.1953986797127145,0.6582941032117916,39,1,1,0.8466613711435349,0.8832826417126519,-0.05318726483441437,0
-0.007474996969709813,-0.03542262496016462,33,1,1,-0.2973278459129995,0.4046367264824088,-1.0710553946987038,0
2.339066104876726,1.6385800441500413,46,1,1,2.057944071556336,1.0573357017963765,0.4557468000977304,0
-0.4061304238603574,-0.4566637082067927,28,1,1,-0.45434597374428853,0.44814999150334,-1.0710553946987038,0
0.7868755442356646,0.7271959904342884,42,1,1,0.577487437718468,0.6657163166079958,-0.05318726483441437,0
-0.7830768918609202,-0.7510626808847335,24,1,1,-0.6337952626943332,0.14355713635682135,-0.5621213297665592,1
0.06258573399374558,0.33414204286959087,29,1,1,-0.5665017793380664,-0.03049592372690362,-0.05318726483441437,1
0.6299789777118702,0.9558249798543914,37,1,1,-0.45434597374428853,-0.16103571878969686,0.4557468000977304,1
-0.6005242830124801,-0.37993206107264854,32,1,1,-0.7010887460505999,0.05653060631495886,-0.5621213297665592,1
1.5239933756399067,2.0425956555910454,45,1,1,-0.162740879200466,0.013017341294027622,0.4557468000977304,1
-0.18015989723174775,0.14935970895471312,27,1,1,-0.6113641015755775,-0.07400918874783438,-0.05318726483441437,1
0.9605472153563428,1.4224786705885741,40,1,1,-0.319759007031755,0.1000438713358901,0.4557468000977304,1
-0.8501773102484549,-0.6351822341923525,25,1,1,-0.7683822294068666,-0.2045489838106281,-0.5621213297665592,1
0.23033677996258242,0.553375320395717,34,1,1,-0.5216394571005553,0.013017341294027622,-0.05318726483441437,1
1.639445566100812,2.412160323420801,43,1,1,-0.11787855696295486,0.18707040137775258,0.4557468000977304,1
-0.4238922993158813,-0.03542262496016462,30,1,1,-0.6786575849318442,-0.11752245376876562,-0.5621213297665592,1
0.8569362751991201,1.3410491675074416,38,1,1,-0.43191481262553294,0.14355713635682135,-0.05318726483441437,1
-0.6666379305413747,-0.34704706944372965,26,1,1,-0.745951068288111,-0.24806224883155933,-0.5621213297665592,1
0.4415057437115888,0.8039276375684326,35,1,1,-0.49920829598179967,-0.03049592372690362,-0.05318726483441437,1
0.4642014734603138,-0.14660521570555718,29,1,1,0.3756069876496678,0.7962561116707895,-0.5621213297665592,0
0.20073365420337594,-0.295370654026857,32,1,1,0.2185888598183788,0.7527428466498582,-1.0710553946987038,0
1.4193956646240435,0.6113155437419074,40,1,1,1.0261106600935797,1.0138224367754456,-0.05318726483441437,0
-0.6932807437246604,-0.8215305200895597,26,1,1,-0.5440706182193108,0.4046367264824088,-0.5621213297665592,0
0.9121954432829722,0.2918613393466951,35,1,1,0.7345055655497571,0.8832826417126519,-0.5621213297665592,0
-0.21173656470823468,-0.37993206107264854,28,1,1,-0.2524655236754883,0.535176521545202,-1.0710553946987038,0
2.6008070751310433,1.541491021245614,47,1,1,2.3046868438626475,1.144362231838239,0.4557468000977304,0
-0.4604028210855693,-0.5459229711995727,30,1,1,-0.3870524903880218,0.4916632565242713,-1.0710553946987038,0
1.9818550540489672,1.0497820987941597,42,1,1,1.5195962047062022,0.9703091717545145,0.4557468000977304,0
0.41091584709374207,-0.22490281482203078,37,1,1,0.44290047100593455,0.7962561116707895,-0.5621213297665592,0
-0.8452434559552539,-0.9233173989409755,25,1,1,-0.6337952626943332,0.27409693141961505,-0.5621213297665592,0
1.2555917020897676,0.7021407587170169,39,1,1,0.8690925322622906,0.8832826417126519,-0.05318726483441437,0
0.04679740025550211,0.014687838474378493,34,1,1,-0.2748966847942439,0.44814999150334,-1.0710553946987038,0
2.4111003775574615,1.7074819313725382,45,1,1,2.114021974353225,1.1008489668173076,0.4557468000977304,0
-0.36468604779746827,-0.43160847648952116,29,1,1,-0.43191481262553294,0.44814999150334,-1.0710553946987038,0
0.8362140871676755,0.7632128860278663,41,1,1,0.5550562765997125,0.709229581628927,-0.05318726483441437,0
-0.7663017872640365,-0.7072160253795083,24,1,1,-0.6562264238130887,0.18707040137775258,-0.5621213297665592,1
0.1168581312189575,0.4171374979330529,30,1,1,-0.5440706182193108,0.013017341294027622,-0.05318726483441437,1
0.6822778332198017,1.0576118587058072,36,1,1,-0.43191481262553294,-0.11752245376876562,0.4557468000977304,1
-0.5472386566459084,-0.295370654026857,27,1,1,-0.7010887460505999,0.013017341294027622,-0.5621213297665592,1
1.566424522561436,2.1193273027251895,44,1,1,-0.14030971808171044,0.05653060631495886,0.4557468000977304,1
-0.13476843773429778,0.19477231644226783,28,1,1,-0.6113641015755775,-0.07400918874783438,-0.05318726483441437,1
1.024687321167957,1.5164357895283425,39,1,1,-0.2973278459129995,0.14355713635682135,0.4557468000977304,1
-0.8077461633269256,-0.5850717707578095,25,1,1,-0.7683822294068666,-0.2045489838106281,-0.5621213297665592,1
0.2826356354705139,0.6348048234768495,33,1,1,-0.49920829598179967,-0.03049592372690362,-0.05318726483441437,1
1.6877973381741826,2.4810622106432976,42,1,1,-0.09544739584419928,0.18707040137775258,0.4557468000977304,1
-0.38146115239435197,0.016253790456707964,31,1,1,-0.6562264238130887,-0.11752245376876562,-0.5621213297665592,1
0.8944335678274483,1.3911596309419847,38,1,1,-0.40948365150677735,0.1000438713358901,-0.05318726483441437,1
-0.6271670961957659,-0.3032004139385044,26,1,1,-0.7235199071693554,-0.24806224883155933,-0.5621213297665592,1
0.4987384535127214,0.8775273807379178,35,1,1,-0.47677713486304407,0.013017341294027622,-0.05318726483441437,1
0.23033677996258242,1.8687749855524738,29,1,1,-0.8356757127631333,-0.7702214290827337,0.4557468000977304,1
-0.8935952280286245,-0.37523420512566014,24,1,1,-0.9478315183569112,-1.3358938743548394,-0.05318726483441437,1
2.6008070751310433,-0.0369885769424941,46,1,1,2.812472253688477,1.0573357017963765,-1.0710553946987038,0
-0.07161510278132391,1.7983071463476477,33,1,1,-0.0730162347254437,-0.37860204389435304,1.4736149299620198,1
0.738523772162294,-1.6092043672012843,37,1,1,2.327118004981403,0.7962561116707895,-0.5621213297665592,0
-1.1116715877881125,-2.0633304420768313,23,1,1,-0.9926938405944223,-1.8145397895850826,0.4557468000977304,1
2.6008070751310433,2.7500144636083843,49,1,1,0.35317582653091223,-0.03049592372690362,-0.05318726483441437,1
-0.5097413640175802,0.8007957336037737,28,1,1,-0.3421901681505106,-0.98778775418739,-0.5621213297665592,1
1.057250759503084,-1.2897501628060721,41,1,1,2.812472253688477,0.8832826417126519,-1.0710553946987038,0
-0.8116932467614865,-2.141628041193305,25,1,1,-0.45434597374428853,-0.7267081640618025,-0.05318726483441437,1
2.6008070751310433,1.4287424785178922,43,1,1,0.03913957086833418,-0.5961683689990088,0.4557468000977304,1
-0.2709428162266477,-0.10432451218266141,30,1,1,2.812472253688477,1.0138224367754456,-1.5799894596308486,0
0.5530108507379333,0.8462083410913284,39,1,1,0.8915236933810461,-0.46562857393621554,0.9646808650298752,1
-0.9725368967198418,-1.624863887024579,22,1,0,-1.0375561628319334,-1.683999994522289,0.4557468000977304,1
2.2068388098189367,-0.7573264888140514,45,1,1,2.7757412273565145,0.7527428466498582,-1.0710553946987038,0
-0.6478892842272105,0.05853449397960372,27,1,1,-0.8581068738818889,-1.1183275492501834,-0.05318726483441437,1
2.6008070751310433,2.7500144636083843,50,1,1,0.1288642153433565,-0.07400918874783438,-0.05318726483441437,1
-0.19890854354591186,-1.859756684374,32,1,1,2.812472253688477,1.1008489668173076,-1.0710553946987038,0
0.615177414832267,0.9605228358013799,38,1,1,1.003679498974824,-0.4221153089152843,0.9646808650298752,1
-0.9192512703532701,-2.1103090015467156,24,1,1,-1.0039094211538002,-1.9450795846478763,0.9646808650298752,1
2.4939891296832397,2.7500144636083843,47,1,1,2.812472253688477,1.0138224367754456,-1.0710553946987038,0
0.42769095169062576,-0.19828163112242975,29,1,1,0.35317582653091223,0.7962561116707895,-0.5621213297665592,0
0.14251417354360313,-0.3501789734083886,27,1,1,0.1064330542246009,0.709229581628927,-1.0710553946987038,0
1.5072182710430229,0.6614260071764506,39,1,1,1.1158353045686018,0.9703091717545145,-0.05318726483441437,0
-0.7238706403425071,-0.8277943280188776,26,1,1,-0.5665017793380664,0.3176101964405463,-0.5621213297665592,0
0.8362140871676755,0.18224470058363204,34,1,1,0.6672120821934904,0.8397693766917207,-0.5621213297665592,0
-0.2729163579439281,-0.46449346811844006,29,1,1,-0.2524655236754883,0.535176521545202,-1.0710553946987038,0
2.6008070751310433,1.5869036287331688,46,1,1,2.327118004981403,1.1008489668173076,-0.05318726483441437,0
-0.48013823825837365,-0.5615824910228674,30,1,1,-0.3870524903880218,0.4916632565242713,-1.0710553946987038,0
1.921662031671914,0.9808802115716629,41,1,1,1.4971650435874466,1.0138224367754456,0.4557468000977304,0
0.3596037624444508,-0.2593537584332792,36,1,1,0.420469309887179,0.7527428466498582,-0.5621213297665592,0
-0.8797804360076614,-0.9092238311000103,25,1,1,-0.6562264238130887,0.23058366639868383,-0.5621213297665592,0
1.2269753471892013,0.6739536230350864,40,1,1,0.8690925322622906,0.8832826417126519,-0.05318726483441437,0
0.060612192276465145,0.0021602226157427136,33,1,1,-0.2973278459129995,0.4046367264824088,-1.0710553946987038,0
2.4377431907407474,1.6652012278496424,47,1,1,2.1476687160313586,1.1008489668173076,0.4557468000977304,0
-0.3775140689597911,-0.44413609234815693,28,1,1,-0.45434597374428853,0.44814999150334,-1.0710553946987038,0
0.7513517933246169,0.7146683745756527,42,1,1,0.5326251154809569,0.709229581628927,-0.05318726483441437,0
-0.764328245546756,-0.6946884095208725,24,1,1,-0.6337952626943332,0.18707040137775258,-0.5621213297665592,1
0.10205656833935425,0.4093077380214055,29,1,1,-0.5665017793380664,0.013017341294027622,-0.05318726483441437,1
0.651687936601955,1.037254482935524,37,1,1,-0.45434597374428853,-0.16103571878969686,0.4557468000977304,1
-0.5541460526563899,-0.3032004139385044,32,1,1,-0.7010887460505999,0.05653060631495886,-0.5621213297665592,1
1.5407684802367902,2.108365638848883,45,1,1,-0.1851720403192216,0.013017341294027622,0.4557468000977304,1
-0.14463614632069993,0.1900744604952794,27,1,1,-0.6113641015755775,-0.07400918874783438,-0.05318726483441437,1
1.0266608628852374,1.5305293573693077,40,1,1,-0.2973278459129995,0.14355713635682135,0.4557468000977304,1
-0.7959049130232431,-0.5788079628284916,25,1,1,-0.7683822294068666,-0.2045489838106281,-0.5621213297665592,1
0.26684730173227045,0.6207112556358844,34,1,1,-0.5216394571005553,0.013017341294027622,-0.05318726483441437,1
1.6690486918600185,2.4638367388376734,43,1,1,-0.11787855696295486,0.18707040137775258,0.4557468000977304,1
-0.41106427815355845,0.0005942706334132412,30,1,1,-0.6786575849318442,-0.11752245376876562,-0.5621213297665592,1
0.8756849215132841,1.3629724952600542,38,1,1,-0.43191481262553294,0.1000438713358901,-0.05318726483441437,1
-0.6508495968031311,-0.3345194535850939,26,1,1,-0.745951068288111,-0.24806224883155933,-0.5621213297665592,1
0.4770294946226366,0.835246677215022,35,1,1,-0.49920829598179967,-0.03049592372690362,-0.05318726483441437,1
0.23033677996258242,1.9000940251990632,29,1,1,-0.8356757127631333,-0.7702214290827337,0.4557468000977304,1
-0.9172777286359897,-0.39715753287827277,24,1,1,-0.9500746344687868,-1.3794071393757705,-0.05318726483441437,1
2.6008070751310433,-0.010367393242893066,46,1,1,2.812472253688477,1.0573357017963765,-1.0710553946987038,0
-0.13476843773429778,1.8108347622062833,33,1,1,-0.09544739584419928,-0.4221153089152843,1.4736149299620198,1
0.7237222092826908,-1.624863887024579,37,1,1,2.282255682743892,0.7962561116707895,-0.5621213297665592,0
-1.0879890871807472,-2.0476709222535368,23,1,1,-0.9904507244825468,-1.7710265245641514,0.4557468000977304,1
2.6008070751310433,2.7500144636083843,49,1,1,0.3307446654121567,-0.07400918874783438,-0.05318726483441437,1
-0.47520438396517256,0.7929659736921263,28,1,1,-0.3421901681505106,-0.98778775418739,-0.5621213297665592,1
1.0957348229900525,-1.2584311231594827,41,1,1,2.812472253688477,0.8832826417126519,-1.0710553946987038,0
-0.7909710587300419,-2.141628041193305,25,1,1,-0.45434597374428853,-0.6831948990408713,-0.05318726483441437,1
2.6008070751310433,1.4600615181644816,44,1,1,0.0167084097495786,-0.5961683689990088,0.4557468000977304,1
-0.25614125334704446,-0.07300547253607197,30,1,1,2.812472253688477,1.0573357017963765,-1.5799894596308486,0
0.5954419976594626,0.9088464203845072,38,1,1,0.9139548544998016,-0.4221153089152843,0.9646808650298752,1
-0.9537882504056777,-1.6092043672012843,23,1,0,-1.0375561628319334,-1.6404867295013579,0.4557468000977304,1
2.2512434984577463,-0.7354031610614388,45,1,1,2.812472253688477,0.7962561116707895,-1.0710553946987038,0
-0.5985507412951997,0.041309022173979526,27,1,1,-0.8581068738818889,-1.1618408142711147,-0.05318726483441437,1
2.6008070751310433,2.7500144636083843,50,1,1,0.1288642153433565,-0.07400918874783438,-0.05318726483441437,1
-0.22357781501191729,-1.8754162041972948,32,1,1,2.812472253688477,1.1008489668173076,-1.0710553946987038,0
0.5362357461410496,0.9292037961547904,39,1,1,0.9812483378560684,-0.46562857393621554,0.9646808650298752,1
-0.9044497074736668,-2.1103090015467156,24,1,1,-1.0039094211538002,-1.9450795846478763,0.9646808650298752,1
2.5068171508455626,2.7500144636083843,47,1,1,2.812472253688477,1.0138224367754456,-1.0710553946987038,0
0.3783524087586149,-0.2405623346453255,36,1,1,0.46533163212469014,0.7962561116707895,-0.5621213297665592,0
1.4509723321005306,0.6207112556358844,40,1,1,0.9363860156185573,0.9267959067335831,-0.05318726483441437,0
-0.663677617965454,-0.7886455284606408,26,1,1,-0.6113641015755775,0.27409693141961505,-0.5621213297665592,0
0.8855526300996863,0.2918613393466951,35,1,1,0.7120744044310015,0.8397693766917207,-0.5621213297665592,0
-0.22653812758783792,-0.3830639650373075,28,1,1,-0.2524655236754883,0.4916632565242713,-1.0710553946987038,0
2.6008070751310433,1.5822057727861805,46,1,1,2.3046868438626475,1.1008489668173076,-0.05318726483441437,0
-0.440667403912765,-0.5741101068815031,30,1,1,-0.3870524903880218,0.4916632565242713,-1.0710553946987038,0
2.0065243255149725,1.0121992512182525,41,1,1,1.542027365824958,1.0138224367754456,0.4557468000977304,0
0.3951275133554986,-0.22803471878668974,36,1,1,0.44290047100593455,0.7962561116707895,-0.5621213297665592,0
-0.8748465817144604,-0.9139216870469986,25,1,1,-0.6337952626943332,0.23058366639868383,-0.5621213297665592,0
1.2733535775452915,0.7146683745756527,39,1,1,0.8915236933810461,0.8832826417126519,-0.05318726483441437,0
0.003379482475332572,-0.0056695372959046485,33,1,1,-0.2748966847942439,0.44814999150334,-1.0710553946987038,0
2.487081733672758,1.6855586036199255,47,1,1,2.170099877150114,1.1008489668173076,0.4557468000977304,0
-0.3518580266351455,-0.4284765725248622,28,1,1,-0.43191481262553294,0.44814999150334,-1.0710553946987038,0
0.747404709890056,0.7381576543105948,42,1,1,0.577487437718468,0.709229581628927,-0.05318726483441437,0
-0.7761694958504387,-0.7040841214148493,24,1,1,-0.6562264238130887,0.18707040137775258,-0.5621213297665592,1
0.08232115116654991,0.39678012216276975,29,1,1,-0.5440706182193108,0.05653060631495886,-0.05318726483441437,1
0.6714233537747594,1.067007570599784,37,1,1,-0.45434597374428853,-0.16103571878969686,0.4557468000977304,1
-0.5689476155359932,-0.295370654026857,32,1,1,-0.689873165491222,0.05653060631495886,-0.5621213297665592,1
1.5920805648860816,2.1396846784954726,45,1,1,-0.14030971808171044,0.05653060631495886,0.4557468000977304,1
-0.1643715634935043,0.19947017238925624,27,1,1,-0.6337952626943332,-0.07400918874783438,-0.05318726483441437,1
0.9970577371260309,1.521133645475331,40,1,1,-0.28611226535362166,0.14355713635682135,0.4557468000977304,1
-0.8235344970651691,-0.5944674826517863,25,1,1,-0.745951068288111,-0.16103571878969686,-0.5621213297665592,1
0.2994107400673976,0.6582941032117916,34,1,1,-0.5104238765411775,0.05653060631495886,-0.05318726483441437,1
1.639445566100812,2.459138882890685,43,1,1,-0.09544739584419928,0.18707040137775258,0.4557468000977304,1
-0.38146115239435197,-0.02602691306618779,30,1,1,-0.6674420043724665,-0.11752245376876562,-0.5621213297665592,1
0.8470685666127179,1.3582746393130658,38,1,1,-0.40948365150677735,0.14355713635682135,-0.05318726483441437,1
-0.6380215756408083,-0.32668969367344647,26,1,1,-0.7347354877287332,-0.24806224883155933,-0.5621213297665592,1
0.44446605628750946,0.8477742930736578,35,1,1,-0.4879927154224219,-0.03049592372690362,-0.05318726483441437,1
0.25993990572178893,1.9267152088986643,29,1,1,-0.8289463644275067,-0.7267081640618025,0.4557468000977304,1
-0.9468808543951962,-0.37523420512566014,24,1,1,-0.9478315183569112,-1.3358938743548394,-0.05318726483441437,1
2.6008070751310433,0.0052921265804016585,46,1,1,2.812472253688477,1.0573357017963765,-1.0710553946987038,0
-0.0952976033886891,1.842153801852873,33,1,1,-0.11787855696295486,-0.37860204389435304,1.4736149299620198,1
0.7178015841308495,-1.6092043672012843,37,1,1,2.2373933605063807,0.7962561116707895,-0.5621213297665592,0
-1.1175922129399536,-2.0476709222535368,23,1,1,-0.9926938405944223,-1.7710265245641514,0.4557468000977304,1
2.6008070751310433,2.7500144636083843,49,1,1,0.35317582653091223,-0.03049592372690362,-0.05318726483441437,1
-0.5057942805830192,0.8242850133387157,28,1,1,-0.319759007031755,-0.9442744891664587,-0.5621213297665592,1
1.0592243012203646,-1.2740906429827774,41,1,1,2.812472253688477,0.8832826417126519,-1.0710553946987038,0
-0.8057726216096451,-2.138496137228646,25,1,1,-0.4655615543036663,-0.6831948990408713,-0.05318726483441437,1
2.6008070751310433,1.4162148626592563,44,1,1,0.061570731987089754,-0.63968163401994,0.4557468000977304,1
-0.2660089619334466,-0.08396713641237827,30,1,1,2.812472253688477,1.0573357017963765,-1.5799894596308486,0
0.5855742890730604,0.9135442763314957,38,1,1,0.9363860156185573,-0.37860204389435304,0.9646808650298752,1
-0.9340528332328734,-1.6217319830599202,23,1,1,-1.0016663050419246,-1.683999994522289,0.4557468000977304,1
2.240389019012704,-0.7213095932204735,45,1,1,2.812472253688477,0.7962561116707895,-1.0710553946987038,0
-0.6212464710439246,0.06323234992659214,27,1,1,-0.8536206416581378,-1.1183275492501834,-0.05318726483441437,1
2.6008070751310433,2.7500144636083843,50,1,1,0.1064330542246009,-0.07400918874783438,-0.05318726483441437,1
-0.20976302299095426,-1.8519269244623526,32,1,1,2.812472253688477,1.1008489668173076,-1.0710553946987038,0
0.5461034547274518,0.9558249798543914,39,1,1,0.9700327572966906,-0.4221153089152843,0.9646808650298752,1
-0.9103703326255081,-2.091517577758762,24,1,1,-1.0027878630978624,-1.9450795846478763,0.9646808650298752,1
2.499909754835081,2.7500144636083843,47,1,1,2.812472253688477,1.0138224367754456,-1.0710553946987038,0
0.38525980476909644,-0.2186390068927129,36,1,1,0.46533163212469014,0.7962561116707895,-0.5621213297665592,0
1.44801201952461,0.6379367274415085,40,1,1,0.9588171767373128,0.9267959067335831,-0.05318726483441437,0
-0.6528231385204116,-0.7620243447610399,26,1,1,-0.6225796821349553,0.27409693141961505,-0.5621213297665592,0
0.8983806512620092,0.30752085916998984,35,1,1,0.7232899849903792,0.8397693766917207,-0.5621213297665592,0
-0.2304852110223988,-0.3658384932316833,28,1,1,-0.23003436255673274,0.535176521545202,-1.0710553946987038,0
2.6008070751310433,1.6025631485564635,46,1,1,2.2934712633032697,1.1008489668173076,-0.05318726483441437,0
-0.41106427815355845,-0.55375273111122,30,1,1,-0.40948365150677735,0.4916632565242713,-1.0710553946987038,0
-0.8886613737354234,-0.9201854949763165,28,1,1,-0.7683822294068666,0.36112346146147756,-0.5621213297665592,0
-0.5432915732113475,-0.5600165390405378,32,1,1,-0.47677713486304407,0.6222030515870645,-1.0710553946987038,0
-1.1846926313274884,-1.29601397073539,27,1,1,-0.8356757127631333,0.18707040137775258,-0.5621213297665592,0
-0.1485832297552608,-0.09023094434169616,35,1,1,-0.2524655236754883,0.8397693766917207,-0.05318726483441437,0
-0.9379999166674342,-0.951504534622906,30,1,1,-0.7010887460505999,0.4916632565242713,-1.0710553946987038,0
-1.4807238889195535,-1.6092043672012843,26,1,1,-0.8805380350006444,-0.03049592372690362,-0.5621213297665592,1
0.2461251137008259,0.22295945212419832,40,1,1,-0.14030971808171044,0.9267959067335831,-0.5621213297665592,0
-0.9873384595994451,-0.7949093363899588,29,1,1,-0.8244601322037556,-0.16103571878969686,-0.05318726483441437,1
-0.5432915732113475,-0.4817189399240643,33,1,1,-0.5665017793380664,0.4046367264824088,-1.0710553946987038,0
-1.2833697171915102,-1.3899710896751583,24,1,1,-0.8581068738818889,0.1000438713358901,-0.5621213297665592,0
-0.09924468682324997,0.06636425389125108,38,1,1,-0.23003436255673274,0.7962561116707895,-0.05318726483441437,0
-1.1353540883954776,-1.1080997328558533,27,1,1,-0.8356757127631333,0.05653060631495886,-0.5621213297665592,1
-0.7899842878714017,-0.7949093363899588,31,1,1,-0.7908133905256222,0.27409693141961505,-1.0710553946987038,0
-0.395275944415315,-0.325123741691117,36,1,1,-0.49920829598179967,0.5786897865661332,-1.0710553946987038,0
-0.9873384595994451,-0.8732069355064324,28,1,1,-0.8693224544412667,-0.07400918874783438,-0.05318726483441437,1
0.04877094197278254,0.14466185300772472,39,1,1,-0.09544739584419928,0.8832826417126519,-0.5621213297665592,0
-1.4313853459875425,-1.4995877284382213,25,1,1,-0.9254003572381556,-0.24806224883155933,-0.5621213297665592,1
-0.34593740148330415,-0.24682614257464341,34,1,1,-0.45434597374428853,0.535176521545202,-1.0710553946987038,0
-0.04990614389123913,0.14466185300772472,37,1,1,-0.1851720403192216,0.7527428466498582,-0.5621213297665592,0
-1.2340311742594992,-1.2646949310888005,26,1,1,-0.8917536155600223,-0.03049592372690362,-0.05318726483441437,1
-0.8393228308034125,-0.8262283760365482,30,1,1,-0.8020289710849999,0.23058366639868383,-1.0710553946987038,0
-0.6419686590753692,-0.6383141381570115,33,1,1,-0.588932940456822,0.44814999150334,-1.0710553946987038,0
-1.0860155454634668,-1.0298021337393797,29,1,1,-0.8468912933225111,0.1000438713358901,-0.5621213297665592,0
0.09810948490479338,0.3795546503571456,41,1,1,-0.02815391248793255,0.9703091717545145,-0.5621213297665592,0
-0.9873384595994451,-0.9045259751530218,28,1,1,-0.8244601322037556,0.3176101964405463,-1.0710553946987038,0
-1.5300624318515643,-1.6561829266711685,23,1,1,-0.9702626794756668,-0.5091418389571468,-0.05318726483441437,1
-0.2472603156192825,-0.09023094434169616,36,1,1,-0.3646213292692662,0.6222030515870645,-1.0710553946987038,0
0.14744802783680422,0.3795546503571456,42,1,1,0.08400189310584533,1.0138224367754456,-0.5621213297665592,0
-1.3820468030555317,-1.4212901293217477,25,1,1,-0.9478315183569112,-0.37860204389435304,-0.05318726483441437,1
-0.6419686590753692,-0.669633177803601,31,1,1,-0.6786575849318442,0.4046367264824088,-1.0710553946987038,0
-0.8886613737354234,-0.8262283760365482,28,1,1,-0.8356757127631333,0.18707040137775258,-0.5621213297665592,0
-0.1485832297552608,0.06636425389125108,37,1,1,-0.2973278459129995,0.7527428466498582,-1.0710553946987038,0
-1.036677002531456,-0.951504534622906,27,1,1,-0.8917536155600223,-0.07400918874783438,-0.05318726483441437,1
-0.5432915732113475,-0.5600165390405378,32,1,1,-0.47677713486304407,0.535176521545202,-1.0710553946987038,0
-0.2965988585512933,-0.24682614257464341,35,1,1,-0.3870524903880218,0.6657163166079958,-1.0710553946987038,0
-1.1846926313274884,-1.1707378121490322,26,1,1,-0.8693224544412667,0.013017341294027622,-0.5621213297665592,1
-0.0005676009592282952,0.22295945212419832,38,1,1,-0.11787855696295486,0.8397693766917207,-0.5621213297665592,0
-0.7406457449393908,-0.7166117372734851,33,1,1,-0.6562264238130887,0.44814999150334,-1.0710553946987038,0
-1.2340311742594992,-1.233375891442211,25,1,1,-0.9029691961194001,-0.11752245376876562,-0.05318726483441437,1
0.3448021995648476,0.6144474477065665,43,1,1,0.1288642153433565,0.9703091717545145,-0.5621213297665592,0
-0.9379999166674342,-0.8732069355064324,29,1,1,-0.8468912933225111,0.14355713635682135,-0.5621213297665592,0
-1.4313853459875425,-1.4839282086149266,23,1,1,-0.9366159377975334,-0.4221153089152843,-0.05318726483441437,1
-0.1485832297552608,-0.011933345225222538,36,1,1,-0.319759007031755,0.709229581628927,-1.0710553946987038,0
0.19678657076881506,0.4578522494736192,40,1,1,0.0167084097495786,0.9267959067335831,-0.5621213297665592,0
-1.332708260123521,-1.3899710896751583,24,1,1,-0.9254003572381556,-0.2915755138524906,-0.05318726483441437,1
-0.5926301161433584,-0.5600165390405378,33,1,1,-0.6337952626943332,0.4046367264824088,-0.5621213297665592,0
-0.8886613737354234,-0.9201854949763165,27,1,1,-0.8244601322037556,0.27409693141961505,-1.0710553946987038,0
-0.0005676009592282952,0.3012570512406719,39,1,1,-0.09544739584419928,0.7962561116707895,-0.5621213297665592,0
-1.1353540883954776,-1.1394187725024427,26,1,1,-0.8805380350006444,-0.07400918874783438,-0.05318726483441437,1
-0.4939530302793367,-0.4034213408075906,34,1,1,-0.5216394571005553,0.4916632565242713,-1.0710553946987038,0
0.29546365663283675,0.583128408059977,41,1,1,0.1064330542246009,0.8832826417126519,-0.5621213297665592,0
-1.2340311742594992,-1.2177163716189163,25,1,1,-0.8917536155600223,-0.24806224883155933,-0.05318726483441437,1
-0.2472603156192825,-0.09023094434169616,36,1,1,-0.3421901681505106,0.5786897865661332,-1.0710553946987038,0
-0.04990614389123913,0.22295945212419832,38,1,1,-0.23003436255673274,0.7527428466498582,-0.5621213297665592,0
-1.0860155454634668,-1.0767806932092638,27,1,1,-0.8581068738818889,0.013017341294027622,-0.5621213297665592,0
-0.8393228308034125,-0.7949093363899588,29,1,1,-0.7908133905256222,0.23058366639868383,-1.0710553946987038,0
-0.44461448734732584,-0.325123741691117,35,1,1,-0.49920829598179967,0.535176521545202,-1.0710553946987038,0
-0.9873384595994451,-0.951504534622906,26,1,1,-0.8468912933225111,0.1000438713358901,-0.5621213297665592,1
0.09810948490479338,0.4578522494736192,40,1,1,-0.005722751369176975,0.8832826417126519,-0.5621213297665592,0
-0.7899842878714017,-0.7166117372734851,30,1,1,-0.745951068288111,0.36112346146147756,-1.0710553946987038,0
-1.2833697171915102,-1.29601397073539,24,1,1,-0.9141847766787778,-0.11752245376876562,-0.05318726483441437,1
-0.1485832297552608,0.06636425389125108,37,1,1,-0.2973278459129995,0.709229581628927,-1.0710553946987038,0
0.14744802783680422,0.3795546503571456,41,1,1,0.061570731987089754,0.9703091717545145,-0.5621213297665592,0
-1.1353540883954776,-1.1080997328558533,26,1,1,-0.8805380350006444,-0.03049592372690362,-0.05318726483441437,1
-0.5432915732113475,-0.5130379795706537,33,1,1,-0.5665017793380664,0.4916632565242713,-1.0710553946987038,0
-0.8886613737354234,-0.8732069355064324,28,1,1,-0.8244601322037556,0.23058366639868383,-0.5621213297665592,0
-0.09924468682324997,0.14466185300772472,38,1,1,-0.2524655236754883,0.7527428466498582,-1.0710553946987038,0
-0.9873384595994451,-0.9201854949763165,27,1,1,-0.8468912933225111,0.1000438713358901,-0.05318726483441437,1
-0.395275944415315,-0.2938047020445276,34,1,1,-0.45434597374428853,0.5786897865661332,-1.0710553946987038,0
0.29546365663283675,0.5987879278832717,42,1,1,0.1288642153433565,0.9267959067335831,-0.5621213297665592,0
-1.2340311742594992,-1.2020568517956216,25,1,1,-0.8850242672243955,-0.2045489838106281,-0.05318726483441437,1
-0.19792177268727165,-0.04325238487181199,36,1,1,-0.3646213292692662,0.6222030515870645,-1.0710553946987038,0
-0.0005676009592282952,0.2699380115940825,39,1,1,-0.23003436255673274,0.7962561116707895,-0.5621213297665592,0
-1.0860155454634668,-1.0298021337393797,27,1,1,-0.86259310610564,-0.03049592372690362,-0.5621213297665592,0
-0.7899842878714017,-0.7635902967433693,29,1,1,-0.8020289710849999,0.27409693141961505,-1.0710553946987038,0
-0.44461448734732584,-0.35644278133770646,35,1,1,-0.47677713486304407,0.535176521545202,-1.0710553946987038,0
-0.9379999166674342,-0.8575474156831376,26,1,1,-0.8356757127631333,0.14355713635682135,-0.5621213297665592,0
0.14744802783680422,0.48917128912020863,41,1,1,0.03913957086833418,0.8832826417126519,-0.5621213297665592,0
-0.7406457449393908,-0.6383141381570115,30,1,1,-0.7235199071693554,0.4046367264824088,-1.0710553946987038,0
-1.2833697171915102,-1.3273330103819794,24,1,1,-0.9209141250144045,-0.16103571878969686,-0.05318726483441437,1
-0.04990614389123913,0.22295945212419832,38,1,1,-0.2524655236754883,0.7527428466498582,-1.0710553946987038,0
0.19678657076881506,0.583128408059977,43,1,1,0.1064330542246009,0.9267959067335831,-0.5621213297665592,0
-1.0860155454634668,-1.1080997328558533,27,1,1,-0.8693224544412667,0.013017341294027622,-0.5621213297665592,0
-0.5926301161433584,-0.5130379795706537,33,1,1,-0.588932940456822,0.44814999150334,-1.0710553946987038,0
-0.8886613737354234,-0.8732069355064324,28,1,1,-0.8356757127631333,0.23058366639868383,-0.5621213297665592,0
-0.1485832297552608,0.11334281336113526,37,1,1,-0.319759007031755,0.709229581628927,-1.0710553946987038,0
-0.9873384595994451,-0.9201854949763165,26,1,1,-0.8536206416581378,0.1000438713358901,-0.05318726483441437,1
-0.395275944415315,-0.27814518222123286,34,1,1,-0.43191481262553294,0.5786897865661332,-1.0710553946987038,0
0.2461251137008259,0.5987879278832717,42,1,1,0.08400189310584533,0.9267959067335831,-0.5621213297665592,0
-1.2340311742594992,-1.2646949310888005,25,1,1,-0.9029691961194001,-0.24806224883155933,-0.05318726483441437,1
-0.19792177268727165,-0.02759286504851726,36,1,1,-0.3421901681505106,0.6222030515870645,-1.0710553946987038,0
-0.0005676009592282952,0.2855975314173772,39,1,1,-0.23003436255673274,0.7962561116707895,-0.5621213297665592,0
-1.0860155454634668,-1.0298021337393797,27,1,1,-0.8581068738818889,0.013017341294027622,-0.5621213297665592,0
-0.7899842878714017,-0.7949093363899588,29,1,1,-0.7908133905256222,0.27409693141961505,-1.0710553946987038,0
-0.09924468682324997,0.14466185300772472,37,1,1,-0.2524655236754883,0.7527428466498582,-1.0710553946987038,0
-1.2340311742594992,-1.2020568517956216,25,1,1,-0.9029691961194001,-0.24806224883155933,-0.05318726483441437,1
-0.2965988585512933,-0.669633177803601,30,1,1,0.1288642153433565,0.709229581628927,-1.0710553946987038,0
-0.9182644994946298,-1.2490354112655058,27,1,1,-0.162740879200466,0.4046367264824088,-0.5621213297665592,0
0.4928178283608801,0.14466185300772472,35,1,1,0.5999185988372236,0.7962561116707895,-0.5621213297665592,0
-0.09924468682324997,-0.4034213408075906,31,1,1,0.17372653758086765,0.6222030515870645,-1.0710553946987038,0
-0.7998519964578039,-1.0298021337393797,28,1,1,-0.23003436255673274,0.27409693141961505,-0.5621213297665592,0
1.015806383440195,0.6144474477065665,38,1,1,0.8017990489060238,0.9267959067335831,-0.05318726483441437,0
-0.4939530302793367,-0.7949093363899588,33,1,1,0.03913957086833418,0.5786897865661332,-1.0710553946987038,0
0.3349344909784454,-0.04325238487181199,36,1,1,0.6447809210747347,0.8397693766917207,-0.5621213297665592,0
-1.0169415853586516,-1.2646949310888005,26,1,1,-0.2524655236754883,0.18707040137775258,-0.5621213297665592,1
0.7888490859529451,0.48917128912020863,40,1,1,1.003679498974824,0.9703091717545145,-0.05318726483441437,0
-0.6419686590753692,-0.9828235742694954,29,1,1,-0.14030971808171044,0.44814999150334,-1.0710553946987038,0
0.14744802783680422,-0.2938047020445276,34,1,1,0.3756069876496678,0.6657163166079958,-1.0710553946987038,0
-1.0860155454634668,-1.29601397073539,27,1,1,-0.3870524903880218,-0.03049592372690362,-0.5621213297665592,1
0.6408334571569126,0.3795546503571456,39,1,1,0.9139548544998016,0.8832826417126519,-0.5621213297665592,0
-0.395275944415315,-0.6383141381570115,32,1,1,0.1064330542246009,0.535176521545202,-1.0710553946987038,0
-0.9379999166674342,-1.1863973319723269,26,1,1,-0.3646213292692662,0.1000438713358901,-0.5621213297665592,1
0.39414074249685843,0.06636425389125108,37,1,1,0.6672120821934904,0.7962561116707895,-0.5621213297665592,0
0.19678657076881506,-0.1841880632814645,35,1,1,0.48776279324344574,0.709229581628927,-1.0710553946987038,0
-1.1846926313274884,-1.4526091689683371,25,1,1,-0.49920829598179967,-0.11752245376876562,-0.5621213297665592,1
0.5224209541200866,0.2699380115940825,36,1,1,0.8017990489060238,0.8397693766917207,-0.5621213297665592,0
-0.6419686590753692,-0.9201854949763165,30,1,1,-0.162740879200466,0.44814999150334,-1.0710553946987038,0
-0.2965988585512933,-0.5600165390405378,33,1,1,-0.005722751369176975,0.5786897865661332,-1.0710553946987038,0
-0.9873384595994451,-1.233375891442211,27,1,1,-0.43191481262553294,0.013017341294027622,-0.5621213297665592,1
0.8381876288849559,0.583128408059977,41,1,1,1.003679498974824,0.9267959067335831,-0.05318726483441437,0
-0.4939530302793367,-0.7009522174501904,29,1,1,-0.02815391248793255,0.535176521545202,-1.0710553946987038,0
-0.8393228308034125,-1.0767806932092638,28,1,1,-0.3421901681505106,0.23058366639868383,-0.5621213297665592,0
0.29546365663283675,-0.011933345225222538,37,1,1,0.6223497599559792,0.7962561116707895,-0.5621213297665592,0
-0.0005676009592282952,-0.2938047020445276,34,1,1,0.2858823431746455,0.6222030515870645,-1.0710553946987038,0
-1.1353540883954776,-1.3586520500285688,26,1,1,-0.45434597374428853,-0.03049592372690362,-0.5621213297665592,1
0.6901720000889234,0.42653320982702975,39,1,1,0.8915236933810461,0.8832826417126519,-0.5621213297665592,0
-0.6222332419025649,-0.8732069355064324,31,1,1,-0.11787855696295486,0.4916632565242713,-1.0710553946987038,0
-0.3656728186561085,-0.6383141381570115,33,1,1,0.0167084097495786,0.5786897865661332,-1.0710553946987038,0
-0.9182644994946298,-1.1394187725024427,27,1,1,-0.3646213292692662,0.14355713635682135,-0.5621213297665592,1
0.7888490859529451,0.6457664873531559,42,1,1,1.0709729823310907,0.9703091717545145,-0.05318726483441437,0
-0.454482195933728,-0.669633177803601,30,1,1,-0.005722751369176975,0.535176521545202,-1.0710553946987038,0
-0.7603811621121952,-1.0298021337393797,29,1,1,-0.2973278459129995,0.3176101964405463,-0.5621213297665592,0
0.3448021995648476,0.09768329353784053,38,1,1,0.7120744044310015,0.8397693766917207,-0.5621213297665592,0
-0.06964156106404347,-0.35644278133770646,35,1,1,0.2185888598183788,0.6657163166079958,-1.0710553946987038,0
-1.214295757086695,-1.4212901293217477,24,1,1,-0.5216394571005553,-0.16103571878969686,-0.5621213297665592,1
0.4928178283608801,0.23861897194749304,36,1,1,0.8242302100247794,0.8832826417126519,-0.5621213297665592,0
-0.5630269903841518,-0.8262283760365482,31,1,1,-0.14030971808171044,0.44814999150334,-1.0710553946987038,0
-0.34593740148330415,-0.6069950985104221,33,1,1,0.061570731987089754,0.5786897865661332,-1.0710553946987038,0
-0.9577353338402386,-1.2490354112655058,26,1,1,-0.40948365150677735,0.05653060631495886,-0.5621213297665592,1
0.7395105430209343,0.5518093684133876,41,1,1,1.003679498974824,0.9703091717545145,-0.05318726483441437,0
-0.513688447452141,-0.7166117372734851,30,1,1,-0.02815391248793255,0.535176521545202,-1.0710553946987038,0
-0.8195874136306082,-1.1080997328558533,28,1,1,-0.319759007031755,0.23058366639868383,-0.5621213297665592,0
0.32506678239204323,0.0820237737145458,37,1,1,0.6896432433122459,0.7962561116707895,-0.5621213297665592,0
0.09810948490479338,-0.2938047020445276,34,1,1,0.3083135042934011,0.6657163166079958,-1.0710553946987038,0
-1.0564124197042601,-1.29601397073539,25,1,1,-0.45434597374428853,-0.03049592372690362,-0.5621213297665592,1
0.6210980399841083,0.34823561071055614,38,1,1,0.8690925322622906,0.8397693766917207,-0.5621213297665592,0
-0.5926301161433584,-0.8732069355064324,31,1,1,-0.09544739584419928,0.44814999150334,-1.0710553946987038,0
-0.32620198431049985,-0.5756760588638327,33,1,1,0.03913957086833418,0.5786897865661332,-1.0710553946987038,0
-0.9379999166674342,-1.1550782923257374,27,1,1,-0.3646213292692662,0.1000438713358901,-0.5621213297665592,1
0.8579230460577603,0.5987879278832717,42,1,1,1.0485418212123352,0.9703091717545145,-0.05318726483441437,0
-0.4742176131065323,-0.6539736579803063,30,1,1,-0.005722751369176975,0.535176521545202,-1.0710553946987038,0
-0.7899842878714017,-1.0611211733859691,29,1,1,-0.30854342647237726,0.27409693141961505,-0.5621213297665592,0
0.3645376167376519,0.12900233318442997,37,1,1,0.7120744044310015,0.8397693766917207,-0.5621213297665592,0
0.04877094197278254,-0.24682614257464341,33,1,1,0.2858823431746455,0.6222030515870645,-1.0710553946987038,0
-1.036677002531456,-1.2803544509120952,26,1,1,-0.47677713486304407,-0.07400918874783438,-0.5621213297665592,1
0.542156371292891,0.3012570512406719,36,1,1,0.8466613711435349,0.8397693766917207,-0.5621213297665592,0
-0.6222332419025649,-0.8575474156831376,30,1,1,-0.14030971808171044,0.44814999150334,-1.0710553946987038,0
-0.35580511006970633,-0.6069950985104221,32,1,1,0.0167084097495786,0.5786897865661332,-1.0710553946987038,0
-0.9774707510130429,-1.2020568517956216,27,1,1,-0.3870524903880218,0.05653060631495886,-0.5621213297665592,1
0.7296428344345322,0.5361498485900928,41,1,1,0.9812483378560684,0.9267959067335831,-0.05318726483441437,0
-0.5334238646249454,-0.7322712570967799,29,1,1,-0.05058507360668813,0.4916632565242713,-1.0710553946987038,0
-0.8590582479762169,-1.0767806932092638,28,1,1,-0.33097458759113285,0.23058366639868383,-0.5621213297665592,0
0.31519907380564105,0.06636425389125108,36,1,1,0.6672120821934904,0.7962561116707895,-0.5621213297665592,0
-0.04990614389123913,-0.325123741691117,34,1,1,0.24102002093713437,0.6222030515870645,-1.0710553946987038,0
-1.155089505568282,-1.3743115698518635,24,1,1,-0.5216394571005553,-0.16103571878969686,-0.5621213297665592,1
0.4434792854288693,0.2072999323009036,36,1,1,0.8017990489060238,0.8397693766917207,-0.5621213297665592,0
-0.6024978247297605,-0.8418878958598429,31,1,1,-0.11787855696295486,0.44814999150334,-1.0710553946987038,0
-0.3854082358289128,-0.6383141381570115,33,1,1,0.005492829190200813,0.5786897865661332,-1.0710553946987038,0
-0.9182644994946298,-1.1863973319723269,27,1,1,-0.375836909828644,0.05653060631495886,-0.5621213297665592,1
0.7888490859529451,0.6144474477065665,42,1,1,1.0485418212123352,0.9703091717545145,-0.05318726483441437,0
-0.4840853216929345,-0.669633177803601,30,1,1,-0.016938331928554765,0.535176521545202,-1.0710553946987038,0
-0.7998519964578039,-1.0454616535626744,29,1,1,-0.319759007031755,0.27409693141961505,-0.5621213297665592,0
0.3349344909784454,0.09768329353784053,37,1,1,0.6896432433122459,0.8397693766917207,-0.5621213297665592,0
0.4928178283608801,0.17598089265431416,31,1,1,0.8690925322622906,0.7527428466498582,-1.0710553946987038,0
0.22638969652802157,-0.09023094434169616,29,1,1,0.577487437718468,0.6222030515870645,-0.5621213297665592,0
0.8579230460577603,0.4578522494736192,34,1,1,1.003679498974824,0.8397693766917207,-0.5621213297665592,0
1.3315730582050644,0.8493402450559873,38,1,1,1.317715754637402,0.9267959067335831,-0.05318726483441437,0
-0.0005676009592282952,-0.325123741691117,27,1,1,0.420469309887179,0.535176521545202,-1.0710553946987038,0
0.3448021995648476,0.06636425389125108,32,1,1,0.7120744044310015,0.6657163166079958,-1.0710553946987038,0
1.1243511778906188,0.7397236062929242,40,1,1,1.474733882468691,0.9703091717545145,-0.05318726483441437,0
-0.34593740148330415,-0.6383141381570115,28,1,1,0.17372653758086765,0.4046367264824088,-0.5621213297665592,0
0.7888490859529451,0.42653320982702975,35,1,1,1.0934041434498463,0.8832826417126519,-0.05318726483441437,0
0.19678657076881506,-0.16852854345816978,30,1,1,0.5550562765997125,0.709229581628927,-1.0710553946987038,0
1.4795886870010968,0.9589568838190503,39,1,1,1.6093208491812245,1.0138224367754456,-0.05318726483441437,0
-0.5630269903841518,-0.8732069355064324,26,1,1,0.03913957086833418,0.27409693141961505,-0.5621213297665592,0
0.5914949142249017,0.3012570512406719,33,1,1,0.9139548544998016,0.7962561116707895,-0.5621213297665592,0
0.8875261718169668,0.6144474477065665,37,1,1,1.2055599490436242,0.8832826417126519,-0.05318726483441437,0
-0.1485832297552608,-0.5130379795706537,29,1,1,0.35317582653091223,0.4916632565242713,-1.0710553946987038,0
0.29546365663283675,-0.04325238487181199,31,1,1,0.6672120821934904,0.6657163166079958,-1.0710553946987038,0
1.6276043157971294,1.2408282406383555,42,1,1,1.7887701381312693,1.0573357017963765,-0.05318726483441437,0
-0.44461448734732584,-0.7166117372734851,27,1,1,0.1288642153433565,0.36112346146147756,-0.5621213297665592,0
0.9368647147489776,0.6457664873531559,36,1,1,1.160697626806113,0.9267959067335831,-0.05318726483441437,0
0.09810948490479338,-0.24682614257464341,30,1,1,0.5101939543622013,0.6222030515870645,-1.0710553946987038,0
1.3315730582050644,0.8493402450559873,38,1,1,1.4074403991124245,0.9703091717545145,-0.05318726483441437,0
-0.19792177268727165,-0.4817189399240643,28,1,1,0.3083135042934011,0.44814999150334,-1.0710553946987038,0
0.4434792854288693,0.14466185300772472,32,1,1,0.8017990489060238,0.7527428466498582,-0.5621213297665592,0
0.7395105430209343,0.4578522494736192,35,1,1,1.0261106600935797,0.8397693766917207,-0.5621213297665592,0
-0.7406457449393908,-0.9828235742694954,25,1,1,-0.05058507360668813,0.18707040137775258,-0.5621213297665592,1
1.9236355733891943,1.3974234388713027,41,1,1,1.9906505882000693,1.0138224367754456,-0.05318726483441437,0
-0.09924468682324997,-0.35644278133770646,29,1,1,0.35317582653091223,0.535176521545202,-1.0710553946987038,0
0.7888490859529451,0.5361498485900928,34,1,1,1.0709729823310907,0.8832826417126519,-0.5621213297665592,0
1.3315730582050644,0.9276378441724609,39,1,1,1.6093208491812245,1.0138224367754456,-0.05318726483441437,0
-0.5432915732113475,-0.7949093363899588,26,1,1,0.08400189310584533,0.27409693141961505,-0.5621213297665592,0
0.2461251137008259,-0.011933345225222538,30,1,1,0.7120744044310015,0.6657163166079958,-1.0710553946987038,0
0.6901720000889234,0.3795546503571456,33,1,1,0.9812483378560684,0.8397693766917207,-0.5621213297665592,0
-0.8393228308034125,-1.0767806932092638,25,1,1,-0.11787855696295486,0.1000438713358901,-0.5621213297665592,1
1.1243511778906188,0.8023616855861031,37,1,1,1.3850092379936687,0.9703091717545145,-0.05318726483441437,0
-0.19792177268727165,-0.45039990027747484,28,1,1,0.2858823431746455,0.4046367264824088,-1.0710553946987038,0
0.39414074249685843,0.14466185300772472,31,1,1,0.7793678877872682,0.709229581628927,-1.0710553946987038,0
2.022312659253216,1.55401863710425,43,1,1,2.102806393793847,1.0573357017963765,-0.05318726483441437,0
-0.0005676009592282952,-0.27814518222123286,29,1,1,0.420469309887179,0.535176521545202,-1.0710553946987038,0
0.6408334571569126,0.3795546503571456,34,1,1,1.0261106600935797,0.7962561116707895,-0.5621213297665592,0
0.8875261718169668,0.6144474477065665,36,1,1,1.2055599490436242,0.8832826417126519,-0.5621213297665592,0
-0.6419686590753692,-0.8262283760365482,26,1,1,-0.005722751369176975,0.18707040137775258,-0.5621213297665592,1
1.134218886477021,0.8493402450559873,38,1,1,1.474733882468691,0.9703091717545145,-0.05318726483441437,0
0.04877094197278254,-0.16852854345816978,30,1,1,0.5326251154809569,0.6222030515870645,-1.0710553946987038,0
0.4434792854288693,0.2699380115940825,33,1,1,0.8915236933810461,0.7527428466498582,-0.5621213297665592,0
0.7395105430209343,0.5361498485900928,35,1,1,1.0709729823310907,0.8397693766917207,-0.5621213297665592,0
-0.69130720200738,-0.8732069355064324,27,1,1,-0.02815391248793255,0.14355713635682135,-0.5621213297665592,1
1.5289272299331076,1.1625306415218817,40,1,1,1.699045493656247,1.0138224367754456,-0.05318726483441437,0
0.2461251137008259,0.06636425389125108,31,1,1,0.7120744044310015,0.6657163166079958,-1.0710553946987038,0
0.8381876288849559,0.583128408059977,34,1,1,1.0934041434498463,0.8397693766917207,-0.5621213297665592,0
1.1835574294090319,0.8493402450559873,37,1,1,1.317715754637402,0.9267959067335831,-0.05318726483441437,0
-0.5926301161433584,-0.7949093363899588,26,1,1,0.03913957086833418,0.23058366639868383,-0.5621213297665592,1
0.542156371292891,0.3012570512406719,32,1,1,0.9363860156185573,0.7527428466498582,-0.5621213297665592,0
0.09810948490479338,-0.16852854345816978,29,1,1,0.5101939543622013,0.6222030515870645,-1.0710553946987038,0
1.3315730582050644,1.0059354432889345,38,1,1,1.6093208491812245,1.0138224367754456,-0.05318726483441437,0
-0.1485832297552608,-0.4034213408075906,28,1,1,0.3307446654121567,0.44814999150334,-1.0710553946987038,0
0.19678657076881506,-0.04325238487181199,31,1,1,0.6447809210747347,0.709229581628927,-1.0710553946987038,0
1.726281401661151,1.3974234388713027,41,1,1,1.8784947826062914,1.0573357017963765,-0.05318726483441437,0
-0.0005676009592282952,-0.24682614257464341,29,1,1,0.420469309887179,0.535176521545202,-1.0710553946987038,0
0.542156371292891,0.3012570512406719,34,1,1,0.9812483378560684,0.7962561116707895,-0.5621213297665592,0
0.8381876288849559,0.6144474477065665,36,1,1,1.160697626806113,0.8832826417126519,-0.5621213297665592,0
-0.69130720200738,-0.8732069355064324,26,1,1,-0.02815391248793255,0.1000438713358901,-0.5621213297665592,1
1.430250144069086,1.084233042405408,39,1,1,1.743907815893758,1.0138224367754456,-0.05318726483441437,0
0.04877094197278254,-0.13720950381158034,30,1,1,0.5326251154809569,0.6222030515870645,-1.0710553946987038,0
0.4237438682560649,0.22295945212419832,33,1,1,0.8690925322622906,0.7527428466498582,-0.5621213297665592,0
0.7987167945393473,0.5518093684133876,35,1,1,1.1158353045686018,0.8397693766917207,-0.5621213297665592,0
-0.6222332419025649,-0.7949093363899588,27,1,1,0.03913957086833418,0.23058366639868383,-0.5621213297665592,1
1.9236355733891943,1.319125839754829,42,1,1,2.057944071556336,1.0573357017963765,-0.05318726483441437,0
0.2461251137008259,0.06636425389125108,32,1,1,0.8017990489060238,0.709229581628927,-1.0710553946987038,0
0.6901720000889234,0.4578522494736192,35,1,1,1.1158353045686018,0.8397693766917207,-0.5621213297665592,0
1.0355418006129993,0.7397236062929242,37,1,1,1.3850092379936687,0.9267959067335831,-0.05318726483441437,0
-0.5432915732113475,-0.7635902967433693,27,1,1,0.08400189310584533,0.27409693141961505,-0.5621213297665592,1
0.542156371292891,0.22295945212419832,33,1,1,0.9363860156185573,0.7527428466498582,-0.5621213297665592,0
0.19678657076881506,-0.09023094434169616,30,1,1,0.577487437718468,0.6222030515870645,-1.0710553946987038,0
1.430250144069086,1.0529140027588186,39,1,1,1.6766143325374914,1.0138224367754456,-0.05318726483441437,0
-0.09924468682324997,-0.35644278133770646,29,1,1,0.3083135042934011,0.44814999150334,-1.0710553946987038,0
0.3448021995648476,0.14466185300772472,31,1,1,0.8242302100247794,0.709229581628927,-1.0710553946987038,0
1.726281401661151,1.4287424785178922,41,1,1,1.9682194270813138,1.0573357017963765,-0.05318726483441437,0
-0.0005676009592282952,-0.2938047020445276,28,1,1,0.44290047100593455,0.535176521545202,-1.0710553946987038,0
0.6408334571569126,0.42653320982702975,34,1,1,1.0709729823310907,0.7962561116707895,-0.5621213297665592,0
0.8875261718169668,0.6614260071764506,36,1,1,1.2504222712811353,0.8832826417126519,-0.5621213297665592,0
-0.6419686590753692,-0.8262283760365482,26,1,1,0.0167084097495786,0.18707040137775258,-0.5621213297665592,1
1.134218886477021,0.8963188045258714,38,1,1,1.5195962047062022,0.9703091717545145,-0.05318726483441437,0
0.09810948490479338,-0.19984758310475922,30,1,1,0.5326251154809569,0.6222030515870645,-1.0710553946987038,0
0.4928178283608801,0.2699380115940825,33,1,1,0.8915236933810461,0.7527428466498582,-0.5621213297665592,0
0.8184522117121517,0.583128408059977,35,1,1,1.160697626806113,0.8397693766917207,-0.5621213297665592,0
-0.7603811621121952,-0.951504534622906,25,1,1,-0.0730162347254437,0.1000438713358901,-0.5621213297665592,1
1.8742970304571835,1.3661043992247133,42,1,1,2.013081749318825,1.0573357017963765,-0.05318726483441437,0
0.4434792854288693,0.14466185300772472,32,1,1,0.8690925322622906,0.7527428466498582,-1.0710553946987038,0
0.7888490859529451,0.48917128912020863,35,1,1,1.160697626806113,0.8397693766917207,-0.5621213297665592,0
1.1835574294090319,0.8493402450559873,37,1,1,1.42987156023118,0.9267959067335831,-0.05318726483441437,0
-0.4939530302793367,-0.7166117372734851,26,1,1,0.03913957086833418,0.23058366639868383,-0.5621213297665592,0
0.6901720000889234,0.42653320982702975,34,1,1,1.0709729823310907,0.7962561116707895,-0.5621213297665592,0
0.3448021995648476,0.06636425389125108,30,1,1,0.7120744044310015,0.6222030515870645,-1.0710553946987038,0
1.5289272299331076,1.1155520820519975,40,1,1,1.7663389770125135,1.0138224367754456,-0.05318726483441437,0
-0.0005676009592282952,-0.24682614257464341,29,1,1,0.420469309887179,0.4916632565242713,-1.0710553946987038,0
0.19678657076881506,-0.011933345225222538,31,1,1,0.6672120821934904,0.6657163166079958,-1.0710553946987038,0
1.9236355733891943,1.4757210379877763,43,1,1,2.102806393793847,1.0573357017963765,-0.05318726483441437,0
0.3448021995648476,0.22295945212419832,32,1,1,0.8466613711435349,0.709229581628927,-1.0710553946987038,0
0.8381876288849559,0.6144474477065665,35,1,1,1.2504222712811353,0.8832826417126519,-0.5621213297665592,0
1.134218886477021,0.8493402450559873,37,1,1,1.3850092379936687,0.9267959067335831,-0.05318726483441437,0
-0.6419686590753692,-0.7949093363899588,26,1,1,0.03913957086833418,0.14355713635682135,-0.5621213297665592,1
0.542156371292891,0.3012570512406719,33,1,1,0.9812483378560684,0.7527428466498582,-0.5621213297665592,0
0.04877094197278254,-0.16852854345816978,29,1,1,0.5326251154809569,0.5786897865661332,-1.0710553946987038,0
1.3809116011370752,1.0059354432889345,39,1,1,1.6541831714187356,1.0138224367754456,-0.05318726483441437,0
-0.19792177268727165,-0.4034213408075906,28,1,1,0.2858823431746455,0.4046367264824088,-1.0710553946987038,0
0.3645376167376519,0.14466185300772472,31,1,1,0.7793678877872682,0.6657163166079958,-1.0710553946987038,0
1.775619944593162,1.3974234388713027,42,1,1,1.9906505882000693,1.0573357017963765,-0.05318726483441437,0
-0.04990614389123913,-0.325123741691117,29,1,1,0.3756069876496678,0.4916632565242713,-1.0710553946987038,0
0.5914949142249017,0.3795546503571456,34,1,1,0.9812483378560684,0.7527428466498582,-0.5621213297665592,0
0.8875261718169668,0.6457664873531559,36,1,1,1.2279911101623797,0.8832826417126519,-0.5621213297665592,0
-0.7406457449393908,-0.951504534622906,25,1,1,-0.0730162347254437,0.05653060631495886,-0.5621213297665592,1
1.08488034354501,0.8023616855861031,38,1,1,1.42987156023118,0.9703091717545145,-0.05318726483441437,0
0.14744802783680422,-0.13720950381158034,30,1,1,0.5550562765997125,0.5786897865661332,-1.0710553946987038,0
0.4632147026016736,0.23861897194749304,33,1,1,0.8690925322622906,0.709229581628927,-0.5621213297665592,0
0.7395105430209343,0.5361498485900928,35,1,1,1.1158353045686018,0.8397693766917207,-0.5621213297665592,0
-0.69130720200738,-0.8262283760365482,27,1,1,-0.05058507360668813,0.1000438713358901,-0.5621213297665592,1
1.8742970304571835,1.3347853595781238,41,1,1,1.9457882659625583,1.0138224367754456,-0.05318726483441437,0
0.04877094197278254,-0.16852854345816978,30,1,1,0.5550562765997125,0.6222030515870645,-1.0710553946987038,0
0.6901720000889234,0.4578522494736192,34,1,1,1.0485418212123352,0.7962561116707895,-0.5621213297665592,0
0.9862032576809885,0.6927450468230401,36,1,1,1.2952845935186466,0.8832826417126519,-0.5621213297665592,0
-0.5432915732113475,-0.7635902967433693,26,1,1,0.03913957086833418,0.23058366639868383,-0.5621213297665592,1
1.2328959723410426,0.9276378441724609,38,1,1,1.6093208491812245,0.9703091717545145,-0.05318726483441437,0
0.19678657076881506,-0.04325238487181199,29,1,1,0.6447809210747347,0.6222030515870645,-1.0710553946987038,0
0.542156371292891,0.3325760908872614,33,1,1,0.9588171767373128,0.7527428466498582,-0.5621213297665592,0
0.8381876288849559,0.6144474477065665,35,1,1,1.2055599490436242,0.8832826417126519,-0.5621213297665592,0
-0.6222332419025649,-0.7949093363899588,27,1,1,0.0167084097495786,0.14355713635682135,-0.5621213297665592,1
1.9236355733891943,1.3974234388713027,42,1,1,2.013081749318825,1.0573357017963765,-0.05318726483441437,0
0.29546365663283675,0.14466185300772472,32,1,1,0.8017990489060238,0.709229581628927,-1.0710553946987038,0
0.7888490859529451,0.5361498485900928,35,1,1,1.1158353045686018,0.8397693766917207,-0.5621213297665592,0
1.134218886477021,0.7710426459395137,37,1,1,1.3850092379936687,0.9267959067335831,-0.05318726483441437,0
-0.5630269903841518,-0.7949093363899588,26,1,1,0.08400189310584533,0.23058366639868383,-0.5621213297665592,1
0.6408334571569126,0.3795546503571456,33,1,1,0.9812483378560684,0.7527428466498582,-0.5621213297665592,0
0.09810948490479338,-0.09023094434169616,30,1,1,0.577487437718468,0.6222030515870645,-1.0710553946987038,0
1.3315730582050644,1.084233042405408,39,1,1,1.699045493656247,1.0138224367754456,-0.05318726483441437,0
-0.19792177268727165,-0.4817189399240643,28,1,1,0.3083135042934011,0.4046367264824088,-1.0710553946987038,0
0.39414074249685843,0.14466185300772472,32,1,1,0.7793678877872682,0.709229581628927,-1.0710553946987038,0
1.8249584875251728,1.491380557811071,42,1,1,2.057944071556336,1.0573357017963765,-0.05318726483441437,0
0.32506678239204323,0.22295945212419832,31,1,1,0.8242302100247794,0.709229581628927,-1.0710553946987038,0
0.7395105430209343,0.4578522494736192,34,1,1,1.0934041434498463,0.7962561116707895,-0.5621213297665592,0
-0.6222332419025649,-0.8105688562132535,25,1,1,-0.005722751369176975,0.14355713635682135,-0.5621213297665592,1
1.1539543036498254,0.864999764879282,38,1,1,1.542027365824958,0.9703091717545145,-0.05318726483441437,0
0.06850635914558688,-0.16852854345816978,30,1,1,0.5101939543622013,0.5786897865661332,-1.0710553946987038,0
0.4928178283608801,0.22295945212419832,33,1,1,0.8915236933810461,0.7527428466498582,-0.5621213297665592,0
0.8381876288849559,0.583128408059977,35,1,1,1.2055599490436242,0.8832826417126519,-0.5621213297665592,0
-0.7603811621121952,-0.9828235742694954,25,1,1,-0.0730162347254437,0.1000438713358901,-0.5621213297665592,1
0.6901720000889234,0.48917128912020863,34,1,1,1.1158353045686018,0.8397693766917207,-0.5621213297665592,0
1.0552772177858036,0.7397236062929242,37,1,1,1.3401469157561576,0.9267959067335831,-0.05318726483441437,0
-0.5630269903841518,-0.7635902967433693,26,1,1,0.03913957086833418,0.18707040137775258,-0.5621213297665592,1
0.48295011977447794,0.2699380115940825,32,1,1,0.9363860156185573,0.7527428466498582,-0.5621213297665592,0
0.11784490207759772,-0.09023094434169616,29,1,1,0.577487437718468,0.6222030515870645,-1.0710553946987038,0
1.2822345152730534,1.0529140027588186,39,1,1,1.6541831714187356,1.0138224367754456,-0.05318726483441437,0
-0.09924468682324997,-0.35644278133770646,28,1,1,0.3083135042934011,0.4046367264824088,-1.0710553946987038,0
0.3448021995648476,0.14466185300772472,31,1,1,0.7793678877872682,0.709229581628927,-1.0710553946987038,0
1.775619944593162,1.4287424785178922,42,1,1,2.013081749318825,1.0573357017963765,-0.05318726483441437,0
0.4434792854288693,0.22295945212419832,32,1,1,0.8690925322622906,0.7527428466498582,-1.0710553946987038,0
0.6605688743297169,0.3952141701804403,34,1,1,1.0709729823310907,0.7962561116707895,-0.5621213297665592,0
0.2461251137008259,0.06636425389125108,30,1,1,0.7120744044310015,0.6657163166079958,-1.0710553946987038,0
1.4499855612418904,1.1312116018752922,40,1,1,1.7663389770125135,1.0138224367754456,-0.05318726483441437,0
-0.04990614389123913,-0.2938047020445276,29,1,1,0.3756069876496678,0.4916632565242713,-1.0710553946987038,0
0.22638969652802157,-0.04325238487181199,31,1,1,0.6447809210747347,0.709229581628927,-1.0710553946987038,0
1.716413693074749,1.3661043992247133,41,1,1,1.9682194270813138,1.0573357017963765,-0.05318726483441437,0
0.3448021995648476,0.22295945212419832,32,1,1,0.8242302100247794,0.709229581628927,-1.0710553946987038,0
0.7592459601937386,0.5361498485900928,35,1,1,1.1382664656873573,0.8397693766917207,-0.5621213297665592,0
1.1046157607178144,0.7710426459395137,37,1,1,1.3625780768749132,0.9267959067335831,-0.05318726483441437,0
-0.69130720200738,-0.8732069355064324,25,1,1,-0.0730162347254437,0.1000438713358901,-0.5621213297665592,1
0.542156371292891,0.3012570512406719,33,1,1,0.9700327572966906,0.7527428466498582,-0.5621213297665592,0
0.09810948490479338,-0.16852854345816978,29,1,1,0.5326251154809569,0.5786897865661332,-1.0710553946987038,0
1.4105147268962817,1.0215949631122292,39,1,1,1.6766143325374914,1.0138224367754456,-0.05318726483441437,0
-0.1485832297552608,-0.3877618209842959,28,1,1,0.34196024597153446,0.4046367264824088,-1.0710553946987038,0
0.3645376167376519,0.14466185300772472,31,1,1,0.7569367266685126,0.6657163166079958,-1.0710553946987038,0
1.8052230703523684,1.4600615181644816,42,1,1,2.0467284909969585,1.0573357017963765,-0.05318726483441437,0
-0.0005676009592282952,-0.26248566239793814,29,1,1,0.44290047100593455,0.535176521545202,-1.0710553946987038,0
0.5914949142249017,0.34823561071055614,34,1,1,1.0485418212123352,0.7962561116707895,-0.5621213297665592,0
-0.6419686590753692,-0.8418878958598429,26,1,1,-0.005722751369176975,0.14355713635682135,-0.5621213297665592,1
1.2131605551682383,0.8963188045258714,38,1,1,1.586889688062469,0.9703091717545145,-0.05318726483441437,0
0.14744802783680422,-0.1215499839882856,30,1,1,0.577487437718468,0.6222030515870645,-1.0710553946987038,0
0.5026855369472822,0.2855975314173772,33,1,1,0.9139548544998016,0.7527428466498582,-0.5621213297665592,0
0.7888490859529451,0.5518093684133876,35,1,1,1.1158353045686018,0.8397693766917207,-0.5621213297665592,0
-0.6222332419025649,-0.8105688562132535,27,1,1,0.02792399030895639,0.18707040137775258,-0.5621213297665592,1
1.9433709905619987,1.5383591172809552,41,1,1,2.057944071556336,1.0573357017963765,-0.05318726483441437,0
-0.2068027104150336,-1.0626871253682986,29,1,1,0.6223497599559792,0.6222030515870645,-0.5621213297665592,0
0.46814855689487467,-0.2405623346453255,41,1,1,0.1288642153433565,0.7962561116707895,-0.05318726483441437,0
-0.9044497074736668,-1.7188210059643474,48,1,1,-0.3421901681505106,0.4046367264824088,-0.5621213297665592,0
0.03791646252774016,-0.7322712570967799,36,1,1,0.8578769517029128,0.9703091717545145,-1.0710553946987038,0
0.792796169387506,0.1728489886896552,44,1,1,-0.45434597374428853,0.709229581628927,0.4557468000977304,0
-0.7515002243844332,-1.3586520500285688,27,1,1,-0.0730162347254437,0.4916632565242713,-0.05318726483441437,0
1.3631497256815512,0.5987879278832717,39,1,1,1.474733882468691,1.0138224367754456,-1.0710553946987038,0
-1.1708778393065253,-2.0163518826069473,49,1,1,-0.40948365150677735,0.27409693141961505,-0.5621213297665592,0
0.888512942675607,0.3795546503571456,42,1,1,-0.2748966847942439,0.6657163166079958,0.4557468000977304,0
-0.32620198431049985,-1.0955721169972175,33,1,1,0.420469309887179,0.7527428466498582,-0.5621213297665592,0
0.34282865784756716,-0.44413609234815693,38,1,1,1.1831287879248686,0.9267959067335831,-1.0710553946987038,0
-0.48507209255157474,-1.292882066770731,29,1,1,0.26345118205588997,0.5786897865661332,-0.5621213297665592,0
-0.8649788731280582,-1.7313486218229832,51,1,1,-0.3646213292692662,0.36112346146147756,-0.05318726483441437,0
2.0025772420804118,0.9339016521017788,45,1,1,-0.6113641015755775,0.6222030515870645,0.4557468000977304,0
0.17705115359601073,-0.7839476725136525,35,1,1,0.5550562765997125,0.7962561116707895,-0.5621213297665592,0
-1.0820684620289058,-1.859756684374,47,1,1,-0.49920829598179967,0.3176101964405463,-0.05318726483441437,0
0.8579230460577603,0.05853449397960372,41,1,1,0.9139548544998016,0.8832826417126519,-1.0710553946987038,0
0.07936083859062926,-1.0235383258100617,30,1,1,0.6672120821934904,0.535176521545202,-0.5621213297665592,0
1.543728792812711,0.8336807252326925,44,1,1,-0.7235199071693554,0.709229581628927,0.4557468000977304,0
-0.7919578295886821,-1.7188210059643474,50,1,1,-0.2524655236754883,0.4046367264824088,-0.05318726483441437,0
-0.2867311499648912,-1.1644740042197141,28,1,1,0.5101939543622013,0.6222030515870645,-0.5621213297665592,0
0.9763355490945863,0.3012570512406719,43,1,1,-0.319759007031755,0.7527428466498582,0.4557468000977304,0
-0.6607173053895333,-1.346124434169933,31,1,1,0.1064330542246009,0.535176521545202,-0.5621213297665592,0
0.22046907137618027,-0.6351822341923525,37,1,1,0.8017990489060238,0.8397693766917207,-1.0710553946987038,0
1.3809116011370752,0.7005748067346874,40,1,1,1.1158353045686018,0.9703091717545145,-1.0710553946987038,0
-0.9478676252538364,-1.8284376447274104,49,1,1,-0.3421901681505106,0.27409693141961505,-0.05318726483441437,0
0.5224209541200866,-0.17792425535214662,34,1,1,0.6896432433122459,0.7962561116707895,-0.5621213297665592,0
-0.3607389643629074,-1.0767806932092638,29,1,1,0.3980381487684234,0.5786897865661332,-0.5621213297665592,0
1.2230282637546406,0.4578522494736192,42,1,1,-0.7010887460505999,0.6657163166079958,0.4557468000977304,0
-0.8699127274212592,-1.6483531667595213,50,1,1,-0.2973278459129995,0.36112346146147756,-0.05318726483441437,0
-0.04990614389123913,-0.8215305200895597,32,1,1,0.5326251154809569,0.6222030515870645,-0.5621213297665592,0
0.7592459601937386,0.07262806182056897,46,1,1,-0.49920829598179967,0.7527428466498582,0.4557468000977304,0
-0.6281538670544061,-1.2646949310888005,27,1,1,0.2858823431746455,0.4916632565242713,-0.05318726483441437,0
0.0931756306115923,-0.639880090139341,35,1,1,0.6447809210747347,0.7962561116707895,-1.0710553946987038,0
1.894032447629988,0.8806592847025767,44,1,1,-0.6337952626943332,0.709229581628927,0.4557468000977304,0
-0.9833913761648841,-1.797118605080821,50,1,1,-0.3870524903880218,0.3176101964405463,-0.05318726483441437,0
0.48295011977447794,-0.2938047020445276,39,1,1,0.9812483378560684,0.8832826417126519,-1.0710553946987038,0
-0.21667041900143577,-0.9499385826405765,30,1,1,0.46533163212469014,0.5786897865661332,-0.5621213297665592,0
1.0454095091994016,0.30752085916998984,43,1,1,-0.2524655236754883,0.7527428466498582,0.4557468000977304,0
-0.7751827249917984,-1.624863887024579,48,1,1,-0.3421901681505106,0.4046367264824088,-0.05318726483441437,0
-0.5038207388657389,-0.07457142451840143,29,1,1,-0.7683822294068666,-0.6831948990408713,0.4557468000977304,1
0.4237438682560649,1.3034663199315344,42,1,1,-0.6337952626943332,-0.9007612241455275,0.9646808650298752,1
-0.8689259565626191,-0.6539736579803063,33,1,1,-0.8693224544412667,-1.031301019208321,0.4557468000977304,1
-0.09924468682324997,0.4578522494736192,28,1,1,-0.7235199071693554,-0.7702214290827337,-0.05318726483441437,1
0.6507011657433148,1.663635275867313,44,1,1,-0.6786575849318442,-0.9442744891664587,1.4736149299620198,1
-0.7603811621121952,-0.45039990027747484,31,1,1,-0.9029691961194001,-1.0748142842292523,-0.05318726483441437,1
0.13758031925040204,0.8023616855861031,39,1,1,-0.6562264238130887,-0.7267081640618025,0.4557468000977304,1
-0.9873384595994451,-0.7635902967433693,36,1,1,-0.9478315183569112,-1.2488673443129772,0.9646808650298752,1
0.3448021995648476,1.2095092009917658,45,1,1,-0.6113641015755775,-0.552655103978078,-0.05318726483441437,1
-0.5235561560385432,-0.13720950381158034,32,1,1,-0.7908133905256222,-0.8572479591245962,0.4557468000977304,1
0.18691886218241288,0.8806592847025767,38,1,1,-0.7010887460505999,-1.031301019208321,0.9646808650298752,1
-0.8886613737354234,-0.6383141381570115,34,1,1,-0.9298865894619067,-1.2053540792920459,-0.05318726483441437,1
-0.09924468682324997,0.5361498485900928,29,1,1,-0.7347354877287332,-0.63968163401994,0.4557468000977304,1
0.5618917884656953,1.55401863710425,41,1,1,-0.6450108432537109,-0.7702214290827337,1.4736149299620198,1
-0.6419686590753692,-0.24682614257464341,28,1,1,-0.898482963895649,-0.9007612241455275,-0.05318726483441437,1
0.13758031925040204,0.9432973639957556,37,1,1,-0.6786575849318442,-0.98778775418739,0.9646808650298752,1
-0.9577353338402386,-0.7949093363899588,35,1,1,-0.9657764472519157,-1.3358938743548394,0.4557468000977304,1
0.29546365663283675,1.1781901613451764,43,1,1,-0.6225796821349553,-0.5961683689990088,-0.05318726483441437,1
-0.34593740148330415,0.09768329353784053,30,1,1,-0.8177307838681288,-0.813734694103665,0.4557468000977304,1
0.5026855369472822,1.4444019983411869,46,1,1,-0.7235199071693554,-1.1183275492501834,1.4736149299620198,1
-0.7603811621121952,-0.4817189399240643,27,1,1,-0.8895104994481468,-0.9442744891664587,-0.05318726483441437,1
0.7888490859529451,1.8985280732167338,48,1,1,-0.6786575849318442,-0.7267081640618025,0.9646808650298752,1
-0.5038207388657389,-0.07457142451840143,33,1,1,-0.7683822294068666,-1.2488673443129772,0.4557468000977304,1
0.4237438682560649,1.381763919048008,40,1,1,-0.6337952626943332,-0.7702214290827337,0.4557468000977304,1
-0.6715717848345757,-0.35644278133770646,26,1,1,-0.8805380350006444,-1.0748142842292523,-0.05318726483441437,1
0.9171292975761733,2.0394637516263865,49,1,1,-0.6562264238130887,-0.63968163401994,0.9646808650298752,1
-0.3854082358289128,-0.011933345225222538,35,1,1,-0.8356757127631333,-0.9442744891664587,0.4557468000977304,1
0.19678657076881506,0.9589568838190503,37,1,1,-0.745951068288111,-1.1618408142711147,-0.05318726483441437,1
-0.9182644994946298,-0.7009522174501904,28,1,1,-0.959047098916289,-1.3358938743548394,0.4557468000977304,1
0.6408334571569126,1.6792947956906077,46,1,1,-0.6786575849318442,-0.8572479591245962,1.4736149299620198,1
-0.02030301813203263,0.583128408059977,30,1,1,-0.7571666488474889,-1.1183275492501834,0.4557468000977304,1
-0.8195874136306082,-0.5286974993939484,32,1,1,-0.9254003572381556,-1.292380609333908,-0.05318726483441437,1
0.8381876288849559,1.9141875930400285,45,1,1,-0.6337952626943332,-0.552655103978078,0.9646808650298752,1
-0.6419686590753692,-0.27814518222123286,34,1,1,-0.898482963895649,-0.9442744891664587,0.4557468000977304,1
0.13758031925040204,0.8493402450559873,39,1,1,-0.7010887460505999,-0.7702214290827337,0.9646808650298752,1
-1.0564124197042601,-0.8888664553297271,26,1,1,-0.9814782600350446,-1.4229204043967019,0.4557468000977304,1
0.5520240798792931,1.4757210379877763,43,1,1,-0.6786575849318442,-0.9007612241455275,1.4736149299620198,1
-0.31633427572409767,0.14466185300772472,38,1,1,-0.8020289710849999,-1.031301019208321,0.4557468000977304,1
-0.9774707510130429,-0.7949093363899588,27,1,1,-0.9702626794756668,-1.3794071393757705,-0.05318726483441437,1
0.39414074249685843,1.2251687208150606,47,1,1,-0.6337952626943332,-0.6831948990408713,0.9646808650298752,1
-0.16831864692806514,0.42653320982702975,28,1,1,-0.8356757127631333,-0.9442744891664587,0.4557468000977304,1
0.7395105430209343,1.835889993923555,44,1,1,-0.7010887460505999,-0.7702214290827337,0.9646808650298752,1
-0.5531592817977496,-0.16852854345816978,33,1,1,-0.8805380350006444,-1.0748142842292523,-0.05318726483441437,1
0.29546365663283675,1.084233042405408,40,1,1,-0.6562264238130887,-0.8572479591245962,0.4557468000977304,1
-0.9379999166674342,-0.7166117372734851,29,1,1,-0.9366159377975334,-1.3358938743548394,0.4557468000977304,1
0.5618917884656953,1.5226995974576605,46,1,1,-0.6674420043724665,-0.63968163401994,1.4736149299620198,1
-0.6715717848345757,-0.4034213408075906,31,1,1,-0.8962398477837734,-0.9442744891664587,-0.05318726483441437,1
0.18691886218241288,0.9276378441724609,37,1,1,-0.7347354877287332,-1.1183275492501834,0.4557468000977304,1
-1.0070738767722494,-0.8105688562132535,28,1,1,-0.9747489116994179,-1.4229204043967019,0.9646808650298752,1
0.7099074172617278,1.7889114344536707,48,1,1,-0.689873165491222,-0.813734694103665,1.4736149299620198,1
-0.2472603156192825,0.2699380115940825,35,1,1,-0.8132445516443777,-1.031301019208321,0.4557468000977304,1
-0.8195874136306082,-0.5286974993939484,26,1,1,-0.9254003572381556,-1.2488673443129772,-0.05318726483441437,1
0.897393880403369,2.070782791272976,49,1,1,-0.6674420043724665,-0.46562857393621554,0.9646808650298752,1
-0.3656728186561085,0.11334281336113526,32,1,1,-0.8401619449868845,-0.98778775418739,0.4557468000977304,1
0.3645376167376519,1.2408282406383555,41,1,1,-0.7235199071693554,-0.7702214290827337,-0.05318726483441437,1
-1.036677002531456,-0.8732069355064324,27,1,1,-0.979235143923169,-1.3794071393757705,0.4557468000977304,1
0.7691136687801408,1.8515495137468496,45,1,1,-0.7010887460505999,-0.6831948990408713,1.4736149299620198,1
-0.5235561560385432,-0.16852854345816978,30,1,1,-0.8760518027768933,-1.1618408142711147,-0.05318726483441437,1
0.22638969652802157,1.0215949631122292,38,1,1,-0.7571666488474889,-0.9007612241455275,0.4557468000977304,1
-0.9379999166674342,-0.7322712570967799,29,1,1,-0.9343728216856578,-1.3358938743548394,0.4557468000977304,1
-0.2669957327920868,0.3012570512406719,34,1,1,-0.8177307838681288,-0.98778775418739,0.4557468000977304,1
-0.8491905393898147,-0.5756760588638327,27,1,1,-0.9209141250144045,-1.2053540792920459,-0.05318726483441437,1
0.7592459601937386,1.835889993923555,47,1,1,-0.6786575849318442,-0.63968163401994,0.9646808650298752,1
-0.4840853216929345,-0.04325238487181199,32,1,1,-0.8670793383293911,-1.031301019208321,0.4557468000977304,1
0.29546365663283675,1.084233042405408,41,1,1,-0.7347354877287332,-0.8572479591245962,-0.05318726483441437,1
-0.9577353338402386,-0.7635902967433693,29,1,1,-0.9478315183569112,-1.3794071393757705,0.4557468000977304,1
0.542156371292891,1.5070400776343658,45,1,1,-0.689873165491222,-0.6831948990408713,1.4736149299620198,1
-0.6419686590753692,-0.2938047020445276,31,1,1,-0.8850242672243955,-1.1618408142711147,-0.05318726483441437,1
0.2165219879416194,0.9902759234656399,38,1,1,-0.7504373005118621,-0.9007612241455275,0.4557468000977304,1
-0.9972061681858473,-0.8262283760365482,26,1,1,-0.9680195633637912,-1.4229204043967019,0.4557468000977304,1
-0.09924468682324997,0.5361498485900928,35,1,1,-0.7235199071693554,-0.7702214290827337,0.4557468000977304,1
-0.8195874136306082,-0.5130379795706537,30,1,1,-0.9119416605669023,-1.2488673443129772,-0.05318726483441437,1
0.9368647147489776,2.1021018309195654,48,1,1,-0.6562264238130887,-0.5961683689990088,0.9646808650298752,1
-0.32620198431049985,0.11334281336113526,33,1,1,-0.8379188288750089,-0.98778775418739,0.4557468000977304,1
0.3448021995648476,1.2095092009917658,40,1,1,-0.7010887460505999,-0.813734694103665,-0.05318726483441437,1
-0.9182644994946298,-0.7009522174501904,28,1,1,-0.9568039828044135,-1.3358938743548394,0.4557468000977304,1
0.6210980399841083,1.6323162362207235,46,1,1,-0.6786575849318442,-0.7267081640618025,1.4736149299620198,1
-0.6715717848345757,-0.3877618209842959,31,1,1,-0.898482963895649,-1.2053540792920459,-0.05318726483441437,1
0.17705115359601073,0.8963188045258714,37,1,1,-0.745951068288111,-0.9442744891664587,0.4557468000977304,1
-1.046544711117858,-0.8888664553297271,27,1,1,-0.9769920278112935,-1.4664336694176332,0.4557468000977304,1
0.48295011977447794,1.3974234388713027,43,1,1,-0.6674420043724665,-0.7702214290827337,1.4736149299620198,1
-0.34593740148330415,0.06636425389125108,38,1,1,-0.8132445516443777,-1.031301019208321,0.4557468000977304,1
-0.9577353338402386,-0.7949093363899588,26,1,1,-0.9702626794756668,-1.3794071393757705,-0.05318726483441437,1
0.39414074249685843,1.272147280284945,47,1,1,-0.6337952626943332,-0.6831948990408713,0.9646808650298752,1
-0.16831864692806514,0.42653320982702975,35,1,1,-0.8311894805393822,-0.98778775418739,0.4557468000977304,1
-0.8195874136306082,-0.5443570192172431,29,1,1,-0.9164278927906534,-1.292380609333908,-0.05318726483441437,1
0.8875261718169668,2.0394637516263865,50,1,1,-0.6450108432537109,-0.46562857393621554,0.9646808650298752,1
-0.395275944415315,0.035045214244661636,33,1,1,-0.8401619449868845,-1.031301019208321,0.4557468000977304,1
0.32506678239204323,1.1781901613451764,41,1,1,-0.7190336749456043,-0.813734694103665,-0.05318726483441437,1
-0.9873384595994451,-0.7949093363899588,27,1,1,-0.9725057955875424,-1.4229204043967019,0.4557468000977304,1
0.6901720000889234,1.7106138353371971,46,1,1,-0.6831438171555954,-0.6831948990408713,1.4736149299620198,1
-0.5235561560385432,-0.19984758310475922,31,1,1,-0.88278115111252,-1.2053540792920459,-0.05318726483441437,1
0.22638969652802157,1.0215949631122292,38,1,1,-0.7481941843999865,-0.9007612241455275,0.4557468000977304,1
-0.9182644994946298,-0.7166117372734851,28,1,1,-0.959047098916289,-1.3358938743548394,0.4557468000977304,1
0.6013626228113039,1.5853376767508394,45,1,1,-0.6741713527080931,-0.7702214290827337,1.4736149299620198,1
-0.69130720200738,-0.3877618209842959,31,1,1,-0.8939967316718979,-1.1618408142711147,-0.05318726483441437,1
0.13758031925040204,0.8493402450559873,37,1,1,-0.7638959971831155,-0.9442744891664587,0.4557468000977304,1
-1.0268092939450537,-0.8575474156831376,26,1,1,-0.979235143923169,-1.4664336694176332,0.4557468000977304,1
0.4237438682560649,1.3504448794014186,44,1,1,-0.6831438171555954,-0.7267081640618025,1.4736149299620198,1
-0.3656728186561085,0.01938569442136691,33,1,1,-0.8468912933225111,-1.0748142842292523,0.4557468000977304,1
0.009300107627173872,0.6770855269997453,39,1,1,-0.7908133905256222,-0.8572479591245962,-0.05318726483441437,1
-0.7702488706985974,-0.4817189399240643,30,1,1,-0.9209141250144045,-1.2488673443129772,-0.05318726483441437,1
0.7395105430209343,1.8045709542769655,47,1,1,-0.6674420043724665,-0.63968163401994,0.9646808650298752,1
-0.6419686590753692,-0.2938047020445276,27,1,1,-0.9029691961194001,-1.2488673443129772,0.4557468000977304,1
0.16718344500960855,0.9276378441724609,36,1,1,-0.7504373005118621,-0.9007612241455275,0.4557468000977304,1
-0.9379999166674342,-0.7479307769200746,28,1,1,-0.9523177505806624,-1.3794071393757705,-0.05318726483441437,1
0.542156371292891,1.5226995974576605,44,1,1,-0.689873165491222,-0.7267081640618025,1.4736149299620198,1
-0.25712802420568465,0.23861897194749304,35,1,1,-0.8334325966512578,-0.98778775418739,0.4557468000977304,1
-0.7998519964578039,-0.5130379795706537,29,1,1,-0.9141847766787778,-1.292380609333908,-0.05318726483441437,1
0.9171292975761733,2.0864423110962704,49,1,1,-0.6450108432537109,-0.552655103978078,0.9646808650298752,1
-0.41501136158811935,-0.011933345225222538,32,1,1,-0.8536206416581378,-1.0748142842292523,0.4557468000977304,1
0.29546365663283675,1.1155520820519975,40,1,1,-0.7190336749456043,-0.813734694103665,-0.05318726483441437,1
-0.9577353338402386,-0.7949093363899588,27,1,1,-0.9702626794756668,-1.4229204043967019,0.4557468000977304,1
0.6704365829161191,1.6949543155139024,46,1,1,-0.6831438171555954,-0.6831948990408713,1.4736149299620198,1
-0.5334238646249454,-0.1841880632814645,30,1,1,-0.8872673833362712,-1.2053540792920459,-0.05318726483441437,1
0.2165219879416194,0.9589568838190503,38,1,1,-0.745951068288111,-0.9007612241455275,0.4557468000977304,1
-0.9676030424266407,-0.7635902967433693,26,1,1,-0.9657764472519157,-1.3794071393757705,-0.05318726483441437,1
0.5618917884656953,1.5383591172809552,45,1,1,-0.6786575849318442,-0.7267081640618025,1.4736149299620198,1
-0.32620198431049985,0.12900233318442997,34,1,1,-0.8356757127631333,-0.98778775418739,0.4557468000977304,1
-0.7801165792849996,-0.497378459747359,29,1,1,-0.9164278927906534,-1.292380609333908,-0.05318726483441437,1
0.8875261718169668,2.0394637516263865,48,1,1,-0.6562264238130887,-0.5961683689990088,0.9646808650298752,1
-0.35580511006970633,0.06636425389125108,33,1,1,-0.8401619449868845,-1.0748142842292523,0.4557468000977304,1
0.3448021995648476,1.2095092009917658,40,1,1,-0.7235199071693554,-0.813734694103665,-0.05318726483441437,1
-0.928132208081032,-0.7166117372734851,28,1,1,-0.9568039828044135,-1.3794071393757705,0.4557468000977304,1
0.7000397086753256,1.7419328749837866,46,1,1,-0.6786575849318442,-0.6831948990408713,1.4736149299620198,1
-0.5038207388657389,-0.13720950381158034,31,1,1,-0.8850242672243955,-1.2053540792920459,-0.05318726483441437,1
0.14744802783680422,0.8963188045258714,37,1,1,-0.7549235327356132,-0.9442744891664587,0.4557468000977304,1
-1.036677002531456,-0.8888664553297271,26,1,1,-0.9837213761469201,-1.4664336694176332,0.4557468000977304,1
0.41387615966966274,1.3347853595781238,44,1,1,-0.6853869332674709,-0.7267081640618025,1.4736149299620198,1
-0.336069692896902,0.0820237737145458,34,1,1,-0.8356757127631333,-1.031301019208321,0.4557468000977304,1
-0.8097197050442061,-0.5286974993939484,29,1,1,-0.918671008902529,-1.292380609333908,-0.05318726483441437,1
0.8776584632305646,2.0238042318030915,49,1,1,-0.6562264238130887,-0.5961683689990088,0.9646808650298752,1
-0.42487907017452153,-0.011933345225222538,32,1,1,-0.8536206416581378,-1.0748142842292523,0.4557468000977304,1
0.2757282394600324,1.084233042405408,39,1,1,-0.725763023281231,-0.813734694103665,-0.05318726483441437,1
-0.9478676252538364,-0.7635902967433693,27,1,1,-0.9702626794756668,-1.4229204043967019,0.4557468000977304,1
0.6408334571569126,1.6323162362207235,45,1,1,-0.6786575849318442,-0.7267081640618025,1.4736149299620198,1
-0.18805406410086947,0.3795546503571456,34,1,1,-0.8267032483156311,-0.98778775418739,0.4557468000977304,1
-0.8590582479762169,-0.6069950985104221,27,1,1,-0.9209141250144045,-1.2488673443129772,-0.05318726483441437,1
0.8579230460577603,1.9611661525099127,48,1,1,-0.6562264238130887,-0.63968163401994,0.9646808650298752,1
-0.44461448734732584,-0.04325238487181199,31,1,1,-0.8581068738818889,-1.031301019208321,0.4557468000977304,1
0.3349344909784454,1.1781901613451764,39,1,1,-0.7235199071693554,-0.8572479591245962,-0.05318726483441437,1
-0.9676030424266407,-0.7949093363899588,28,1,1,-0.9568039828044135,-1.3794071393757705,0.4557468000977304,1
-0.5630269903841518,-0.23116662275134867,30,1,1,-0.8782949188887689,-1.1618408142711147,-0.05318726483441437,1
0.2066542793552172,0.9746164036423451,37,1,1,-0.7504373005118621,-0.9442744891664587,0.4557468000977304,1
-0.9972061681858473,-0.8105688562132535,26,1,1,-0.9702626794756668,-1.4229204043967019,0.4557468000977304,1
0.4928178283608801,1.4287424785178922,43,1,1,-0.689873165491222,-0.7702214290827337,1.4736149299620198,1
-0.2965988585512933,0.17598089265431416,35,1,1,-0.8289463644275067,-0.98778775418739,0.4557468000977304,1
-0.7899842878714017,-0.5130379795706537,29,1,1,-0.9164278927906534,-1.2488673443129772,-0.05318726483441437,1
-0.4051436530017172,0.003726174598072186,32,1,1,-0.8513775255462622,-1.031301019208321,0.4557468000977304,1
0.29546365663283675,1.146871121698587,40,1,1,-0.7190336749456043,-0.813734694103665,-0.05318726483441437,1
-0.9379999166674342,-0.7479307769200746,27,1,1,-0.9568039828044135,-1.3794071393757705,0.4557468000977304,1
0.6408334571569126,1.6792947956906077,46,1,1,-0.6786575849318442,-0.7267081640618025,1.4736149299620198,1
-0.5334238646249454,-0.1841880632814645,31,1,1,-0.88278115111252,-1.2053540792920459,-0.05318726483441437,1
0.22638969652802157,1.0215949631122292,38,1,1,-0.745951068288111,-0.9007612241455275,0.4557468000977304,1
-1.0662801282906624,-0.9045259751530218,26,1,1,-0.9837213761469201,-1.4664336694176332,0.4557468000977304,1
0.4434792854288693,1.3504448794014186,44,1,1,-0.6853869332674709,-0.7267081640618025,1.4736149299620198,1
-0.31633427572409767,0.12900233318442997,34,1,1,-0.8356757127631333,-1.031301019208321,0.4557468000977304,1
-0.7998519964578039,-0.5286974993939484,29,1,1,-0.918671008902529,-1.292380609333908,-0.05318726483441437,1
0.8381876288849559,1.9611661525099127,48,1,1,-0.6562264238130887,-0.5961683689990088,0.9646808650298752,1
-0.3854082358289128,0.05070473406795636,33,1,1,-0.8468912933225111,-1.031301019208321,0.4557468000977304,1
0.2559928222872281,1.084233042405408,39,1,1,-0.725763023281231,-0.813734694103665,-0.05318726483441437,1
-0.9577353338402386,-0.779249816566664,27,1,1,-0.959047098916289,-1.3794071393757705,0.4557468000977304,1
0.6605688743297169,1.6949543155139024,45,1,1,-0.6786575849318442,-0.6831948990408713,1.4736149299620198,1
-0.454482195933728,-0.05891190469510671,32,1,1,-0.86259310610564,-1.1183275492501834,0.4557468000977304,1
0.13758031925040204,0.864999764879282,37,1,1,-0.7571666488474889,-0.98778775418739,0.4557468000977304,1
-1.0268092939450537,-0.8575474156831376,26,1,1,-0.9769920278112935,-1.4664336694176332,0.4557468000977304,1
0.5717594970520974,1.55401863710425,44,1,1,-0.6786575849318442,-0.7267081640618025,1.4736149299620198,1
-0.34593740148330415,0.0820237737145458,34,1,1,-0.8379188288750089,-1.031301019208321,0.4557468000977304,1
-0.7603811621121952,-0.4817189399240643,29,1,1,-0.9141847766787778,-1.2488673443129772,-0.05318726483441437,1
-0.41501136158811935,-0.02759286504851726,32,1,1,-0.8536206416581378,-1.0748142842292523,0.4557468000977304,1
0.2757282394600324,1.0998925622287028,39,1,1,-0.7280061393931065,-0.8572479591245962,-0.05318726483441437,1
0.6901720000889234,1.7419328749837866,46,1,1,-0.6786575849318442,-0.6831948990408713,1.4736149299620198,1
-0.5235561560385432,-0.19984758310475922,31,1,1,-0.8872673833362712,-1.2053540792920459,-0.05318726483441437,1
0.2165219879416194,0.9746164036423451,38,1,1,-0.745951068288111,-0.9007612241455275,0.4557468000977304,1
-1.0169415853586516,-0.8418878958598429,26,1,1,-0.9747489116994179,-1.4664336694176332,0.4557468000977304,1
0.5224209541200866,1.4757210379877763,44,1,1,-0.6831438171555954,-0.7267081640618025,1.4736149299620198,1
-0.336069692896902,0.09768329353784053,34,1,1,-0.8379188288750089,-1.031301019208321,0.4557468000977304,1
0.8480553374713581,1.9768256723332074,47,1,1,-0.6607126560368398,-0.63968163401994,0.9646808650298752,1
-0.3755405272425107,0.01938569442136691,32,1,1,-0.8491344094343867,-1.031301019208321,0.4557468000977304,1
0.31519907380564105,1.1781901613451764,40,1,1,-0.7212767910574799,-0.813734694103665,-0.05318726483441437,1
-0.928132208081032,-0.7322712570967799,27,1,1,-0.9568039828044135,-1.3794071393757705,0.4557468000977304,1
0.6704365829161191,1.7106138353371971,46,1,1,-0.6786575849318442,-0.6831948990408713,1.4736149299620198,1
-0.4840853216929345,-0.1215499839882856,31,1,1,-0.8805380350006444,-1.1618408142711147,-0.05318726483441437,1
0.23625740511442372,1.0059354432889345,38,1,1,-0.7481941843999865,-0.9007612241455275,0.4557468000977304,1
-1.0564124197042601,-0.9045259751530218,26,1,1,-0.979235143923169,-1.4664336694176332,0.4557468000977304,1
0.4336115768424671,1.3347853595781238,44,1,1,-0.6853869332674709,-0.7267081640618025,1.4736149299620198,1
-0.3064665671376955,0.14466185300772472,35,1,1,-0.8334325966512578,-0.98778775418739,0.4557468000977304,1
-0.8195874136306082,-0.5443570192172431,29,1,1,-0.9164278927906534,-1.2488673443129772,-0.05318726483441437,1
0.8677907546441624,2.008144711979797,48,1,1,-0.6517401915893376,-0.5961683689990088,0.9646808650298752,1
-0.42487907017452153,-0.02759286504851726,32,1,1,-0.8513775255462622,-1.031301019208321,0.4557468000977304,1
0.2658605308736302,1.084233042405408,39,1,1,-0.7280061393931065,-0.8572479591245962,-0.05318726483441437,1
-0.9774707510130429,-0.7949093363899588,27,1,1,-0.9702626794756668,-1.4229204043967019,0.4557468000977304,1
0.6210980399841083,1.6166567163974288,45,1,1,-0.6831438171555954,-0.7267081640618025,1.4736149299620198,1
-0.35580511006970633,0.05070473406795636,33,1,1,-0.8401619449868845,-1.031301019208321,0.4557468000977304,1
0.9072615889897712,2.070782791272976,49,1,1,-0.6427677271418354,-0.552655103978078,0.9646808650298752,1
-0.44461448734732584,-0.05891190469510671,31,1,1,-0.8581068738818889,-1.031301019208321,0.4557468000977304,1
0.32506678239204323,1.1625306415218817,40,1,1,-0.7190336749456043,-0.813734694103665,-0.05318726483441437,1
-0.9577353338402386,-0.7635902967433693,27,1,1,-0.9568039828044135,-1.3794071393757705,0.4557468000977304,1
0.6309657485705105,1.6323162362207235,45,1,1,-0.6831438171555954,-0.6831948990408713,1.4736149299620198,1
-0.513688447452141,-0.16852854345816978,31,1,1,-0.88278115111252,-1.2053540792920459,-0.05318726483441437,1
0.2066542793552172,0.9589568838190503,38,1,1,-0.7504373005118621,-0.9442744891664587,0.4557468000977304,1
-0.9873384595994451,-0.7949093363899588,27,1,1,-0.9657764472519157,-1.3794071393757705,0.4557468000977304,1
0.5618917884656953,1.5383591172809552,44,1,1,-0.6786575849318442,-0.7267081640618025,1.4736149299620198,1
-0.336069692896902,0.09768329353784053,35,1,1,-0.8379188288750089,-1.031301019208321,0.4557468000977304,1
-0.3854082358289128,0.035045214244661636,33,1,1,-0.8513775255462622,-1.031301019208321,0.4557468000977304,1
0.28559594804643457,1.1312116018752922,39,1,1,-0.7235199071693554,-0.813734694103665,-0.05318726483441437,1
-0.9478676252538364,-0.7635902967433693,27,1,1,-0.9568039828044135,-1.3794071393757705,0.4557468000977304,1
-0.19792177268727165,0.36389513053385086,34,1,1,-0.8356757127631333,-0.98778775418739,0.4557468000977304,1
-0.8393228308034125,-0.5756760588638327,27,1,1,-0.9164278927906534,-1.2488673443129772,-0.05318726483441437,1
0.8184522117121517,1.8985280732167338,47,1,1,-0.6562264238130887,-0.63968163401994,0.9646808650298752,1
-0.4051436530017172,-0.011933345225222538,31,1,1,-0.8536206416581378,-1.031301019208321,0.4557468000977304,1
-0.9577353338402386,-0.7635902967433693,28,1,1,-0.9523177505806624,-1.3358938743548394,0.4557468000977304,1
0.6112303313977061,1.6166567163974288,45,1,1,-0.6786575849318442,-0.7267081640618025,1.4736149299620198,1
-0.5432915732113475,-0.19984758310475922,30,1,1,-0.8805380350006444,-1.2053540792920459,-0.05318726483441437,1
0.2461251137008259,1.037254482935524,38,1,1,-0.7481941843999865,-0.9442744891664587,0.4557468000977304,1
-0.9774707510130429,-0.7949093363899588,26,1,1,-0.9657764472519157,-1.4229204043967019,0.4557468000977304,1
0.5026855369472822,1.4444019983411869,43,1,1,-0.689873165491222,-0.7702214290827337,1.4736149299620198,1
-0.2965988585512933,0.17598089265431416,35,1,1,-0.8334325966512578,-0.98778775418739,0.4557468000977304,1
-0.7998519964578039,-0.5286974993939484,29,1,1,-0.9164278927906534,-1.2488673443129772,-0.05318726483441437,1
0.897393880403369,2.0394637516263865,49,1,1,-0.6450108432537109,-0.552655103978078,0.9646808650298752,1
-0.41501136158811935,-0.011933345225222538,32,1,1,-0.8513775255462622,-1.031301019208321,0.4557468000977304,1
0.2757282394600324,1.084233042405408,39,1,1,-0.7280061393931065,-0.813734694103665,-0.05318726483441437,1
-0.9676030424266407,-0.779249816566664,27,1,1,-0.9612902150281646,-1.3794071393757705,0.4557468000977304,1
0.6507011657433148,1.663635275867313,46,1,1,-0.6741713527080931,-0.6831948990408713,1.4736149299620198,1
-0.4840853216929345,-0.1215499839882856,31,1,1,-0.8782949188887689,-1.1618408142711147,-0.05318726483441437,1
0.2165219879416194,0.9902759234656399,38,1,1,-0.7437079521762354,-0.9007612241455275,0.4557468000977304,1
-1.036677002531456,-0.8888664553297271,26,1,1,-0.979235143923169,-1.4664336694176332,0.4557468000977304,1
0.5322886627064888,1.491380557811071,44,1,1,-0.6831438171555954,-0.7267081640618025,1.4736149299620198,1
-0.7702488706985974,-0.497378459747359,29,1,1,-0.9141847766787778,-1.2488673443129772,-0.05318726483441437,1
0.8579230460577603,1.9768256723332074,48,1,1,-0.6607126560368398,-0.63968163401994,0.9646808650298752,1
-0.3656728186561085,0.01938569442136691,33,1,1,-0.8401619449868845,-1.0748142842292523,0.4557468000977304,1
0.3053313652192389,1.146871121698587,40,1,1,-0.7212767910574799,-0.813734694103665,-0.05318726483441437,1
0.5914949142249017,1.5853376767508394,45,1,1,-0.6831438171555954,-0.6831948990408713,1.4736149299620198,1
-0.336069692896902,0.09768329353784053,35,1,1,-0.8356757127631333,-1.031301019208321,0.4557468000977304,1
-0.5038207388657389,-0.16852854345816978,31,1,1,-0.88278115111252,-1.2053540792920459,-0.05318726483441437,1
-1.0268092939450537,-0.8418878958598429,26,1,1,-0.9747489116994179,-1.4664336694176332,0.4557468000977304,1
0.542156371292891,1.5070400776343658,44,1,1,-0.6831438171555954,-0.7267081640618025,1.4736149299620198,1
-0.32620198431049985,0.12900233318442997,35,1,1,-0.8356757127631333,-1.031301019208321,0.4557468000977304,1
0.8677907546441624,2.008144711979797,49,1,1,-0.649497075477462,-0.5961683689990088,0.9646808650298752,1
-0.43474677876092366,-0.04325238487181199,32,1,1,-0.8558637577700133,-1.0748142842292523,0.4557468000977304,1
0.2559928222872281,1.0685735225821134,39,1,1,-0.7280061393931065,-0.813734694103665,-0.05318726483441437,1
0.6803042915025213,1.7262733551604919,46,1,1,-0.6786575849318442,-0.6831948990408713,1.4736149299620198,1
-0.513688447452141,-0.1841880632814645,31,1,1,-0.88278115111252,-1.2053540792920459,-0.05318726483441437,1
0.5520240798792931,1.5226995974576605,44,1,1,-0.6831438171555954,-0.7267081640618025,1.4736149299620198,1
0.8776584632305646,2.008144711979797,48,1,1,-0.649497075477462,-0.5961683689990088,0.9646808650298752,1
-0.4051436530017172,0.003726174598072186,32,1,1,-0.8536206416581378,-1.0748142842292523,0.4557468000977304,1
0.6112303313977061,1.6166567163974288,45,1,1,-0.6831438171555954,-0.7267081640618025,1.4736149299620198,1
0.23625740511442372,1.0215949631122292,38,1,1,-0.745951068288111,-0.9007612241455275,0.4557468000977304,1
-0.7801165792849996,-0.5130379795706537,29,1,1,-0.9164278927906534,-1.2488673443129772,-0.05318726483441437,1
0.8875261718169668,2.0238042318030915,48,1,1,-0.6517401915893376,-0.5961683689990088,0.9646808650298752,1
-0.395275944415315,0.01938569442136691,33,1,1,-0.8491344094343867,-1.031301019208321,0.4557468000977304,1
0.2658605308736302,1.084233042405408,39,1,1,-0.725763023281231,-0.813734694103665,-0.05318726483441437,1
0.6309657485705105,1.6323162362207235,45,1,1,-0.6831438171555954,-0.7267081640618025,1.4736149299620198,1
-0.18805406410086947,0.3795546503571456,34,1,1,-0.8311894805393822,-0.98778775418739,0.4557468000977304,1
-0.8491905393898147,-0.5913355786871274,27,1,1,-0.9231572411262801,-1.2488673443129772,-0.05318726483441437,1
0.8480553374713581,1.9768256723332074,48,1,1,-0.6607126560368398,-0.63968163401994,0.9646808650298752,1
-0.41501136158811935,-0.02759286504851726,31,1,1,-0.8536206416581378,-1.031301019208321,0.4557468000977304,1
0.3349344909784454,1.1781901613451764,40,1,1,-0.7235199071693554,-0.813734694103665,-0.05318726483441437,1
0.6210980399841083,1.6479757560440182,46,1,1,-0.6786575849318442,-0.7267081640618025,1.4736149299620198,1
-0.5334238646249454,-0.19984758310475922,30,1,1,-0.8805380350006444,-1.2053540792920459,-0.05318726483441437,1
0.23625740511442372,1.0215949631122292,38,1,1,-0.7481941843999865,-0.9007612241455275,0.4557468000977304,1
-0.9873384595994451,-0.7949093363899588,26,1,1,-0.9657764472519157,-1.4229204043967019,0.4557468000977304,1
0.5125532455336844,1.4600615181644816,44,1,1,-0.6831438171555954,-0.7267081640618025,1.4736149299620198,1
-0.276863441378489,0.19164041247760888,35,1,1,-0.8334325966512578,-0.98778775418739,0.4557468000977304,1
0.897393880403369,2.055123271449681,49,1,1,-0.6450108432537109,-0.5961683689990088,0.9646808650298752,1
-0.42487907017452153,-0.02759286504851726,32,1,1,-0.8536206416581378,-1.031301019208321,0.4557468000977304,1
0.28559594804643457,1.1312116018752922,40,1,1,-0.7212767910574799,-0.813734694103665,-0.05318726483441437,1
0.6408334571569126,1.663635275867313,46,1,1,-0.6786575849318442,-0.6831948990408713,1.4736149299620198,1
0.19678657076881506,0.9746164036423451,38,1,1,-0.7504373005118621,-0.9442744891664587,0.4557468000977304,1
0.5224209541200866,1.491380557811071,44,1,1,-0.6831438171555954,-0.7267081640618025,1.4736149299620198,1
-0.31633427572409767,0.12900233318442997,35,1,1,-0.8356757127631333,-1.031301019208321,0.4557468000977304,1
0.8677907546441624,2.0238042318030915,49,1,1,-0.6517401915893376,-0.5961683689990088,0.9646808650298752,1
0.6507011657433148,1.6792947956906077,46,1,1,-0.6786575849318442,-0.6831948990408713,1.4736149299620198,1
-0.5038207388657389,-0.1841880632814645,31,1,1,-0.88278115111252,-1.2053540792920459,-0.05318726483441437,1
0.2165219879416194,0.9746164036423451,38,1,1,-0.7481941843999865,-0.9007612241455275,0.4557468000977304,1
-1.0268092939450537,-0.8575474156831376,26,1,1,-0.9747489116994179,-1.4664336694176332,0.4557468000977304,1
-0.34593740148330415,0.0820237737145458,35,1,1,-0.8356757127631333,-1.031301019208321,0.4557468000977304,1
0.8776584632305646,2.0238042318030915,48,1,1,-0.6562264238130887,-0.5961683689990088,0.9646808650298752,1
-0.9577353338402386,-0.779249816566664,27,1,1,-0.9612902150281646,-1.3794071393757705,0.4557468000977304,1
-0.9774707510130429,-0.7949093363899588,27,1,1,-0.9657764472519157,-1.3794071393757705,0.4557468000977304,1
0.2658605308736302,1.084233042405408,39,1,1,-0.725763023281231,-0.8572479591245962,-0.05318726483441437,1
-0.5432915732113475,-0.19984758310475922,31,1,1,-0.88278115111252,-1.2053540792920459,-0.05318726483441437,1
0.19678657076881506,-0.5600165390405378,30,1,1,0.577487437718468,1.0573357017963765,-1.0710553946987038,0
0.8381876288849559,0.14466185300772472,35,1,1,0.9812483378560684,1.144362231838239,-1.5799894596308486,0
1.430250144069086,0.7710426459395137,40,1,1,1.474733882468691,1.18787549685917,-1.0710553946987038,0
0.09810948490479338,-0.6383141381570115,28,1,1,0.48776279324344574,1.0138224367754456,-1.5799894596308486,0
2.318343916845281,1.7106138353371971,45,1,1,2.102806393793847,1.2313887618801014,-1.0710553946987038,0
0.542156371292891,-0.09023094434169616,32,1,1,0.8017990489060238,1.1008489668173076,-1.5799894596308486,0
1.0355418006129993,0.3795546503571456,38,1,1,1.0934041434498463,1.144362231838239,-1.0710553946987038,0
-0.1485832297552608,-0.7949093363899588,29,1,1,0.3083135042934011,0.9703091717545145,-1.5799894596308486,0
1.9236355733891943,1.4757210379877763,43,1,1,1.8336324603687804,1.18787549685917,-1.0710553946987038,0
0.4434792854288693,-0.24682614257464341,31,1,1,0.6672120821934904,1.0573357017963765,-1.5799894596308486,0
0.8875261718169668,0.14466185300772472,36,1,1,0.9363860156185573,1.144362231838239,-1.0710553946987038,0
2.6008070751310433,2.1021018309195654,48,1,1,2.327118004981403,1.2749020269010327,-1.0710553946987038,0
0.29546365663283675,-0.4034213408075906,28,1,1,0.5101939543622013,1.0138224367754456,-1.5799894596308486,0
1.775619944593162,1.084233042405408,42,1,1,1.6766143325374914,1.18787549685917,-0.5621213297665592,0
0.6408334571569126,0.06636425389125108,34,1,1,0.8017990489060238,1.1008489668173076,-1.5799894596308486,0
1.3315730582050644,0.6144474477065665,39,1,1,1.42987156023118,1.144362231838239,-1.0710553946987038,0
0.04877094197278254,-0.669633177803601,27,1,1,0.3756069876496678,0.9703091717545145,-1.5799894596308486,0
2.1703282880492485,1.6323162362207235,44,1,1,1.9906505882000693,1.2313887618801014,-1.0710553946987038,0
0.8381876288849559,0.22295945212419832,35,1,1,0.9812483378560684,1.18787549685917,-1.5799894596308486,0
0.3448021995648476,-0.2938047020445276,30,1,1,0.577487437718468,1.0573357017963765,-1.0710553946987038,0
1.4795886870010968,0.7710426459395137,37,1,1,1.6093208491812245,1.18787549685917,-1.0710553946987038,0
-0.0005676009592282952,-0.7166117372734851,28,1,1,0.3083135042934011,0.9703091717545145,-1.5799894596308486,0
2.4170210027093026,1.8672090335701443,46,1,1,2.282255682743892,1.2749020269010327,-1.0710553946987038,0
0.5914949142249017,-0.011933345225222538,34,1,1,0.8466613711435349,1.0573357017963765,-1.5799894596308486,0
1.134218886477021,0.4578522494736192,40,1,1,1.2504222712811353,1.144362231838239,-1.0710553946987038,0
-0.09924468682324997,-0.8105688562132535,27,1,1,0.26345118205588997,0.9703091717545145,-1.5799894596308486,0
2.022312659253216,1.55401863710425,45,1,1,1.8784947826062914,1.18787549685917,-1.0710553946987038,0
0.7395105430209343,0.06636425389125108,33,1,1,0.9139548544998016,1.1008489668173076,-1.5799894596308486,0
1.2822345152730534,0.6144474477065665,38,1,1,1.3850092379936687,1.144362231838239,-1.0710553946987038,0
0.19678657076881506,-0.5600165390405378,28,1,1,0.46533163212469014,1.0138224367754456,-1.5799894596308486,0
2.5650366315053352,2.0238042318030915,47,1,1,2.327118004981403,1.2313887618801014,-1.0710553946987038,0
0.39414074249685843,-0.24682614257464341,31,1,1,0.6672120821934904,1.0573357017963765,-1.5799894596308486,0
0.8875261718169668,0.14466185300772472,36,1,1,0.9363860156185573,1.18787549685917,-1.0710553946987038,0
1.775619944593162,1.1625306415218817,43,1,1,1.699045493656247,1.18787549685917,-1.5799894596308486,0
0.2461251137008259,-0.4034213408075906,29,1,1,0.5326251154809569,1.0138224367754456,-1.5799894596308486,0
2.4170210027093026,1.8672090335701443,48,1,1,2.282255682743892,1.2313887618801014,-0.5621213297665592,0
0.5914949142249017,-0.011933345225222538,34,1,1,0.8690925322622906,1.1008489668173076,-1.5799894596308486,0
1.134218886477021,0.48917128912020863,39,1,1,1.2055599490436242,1.18787549685917,-1.0710553946987038,0
-0.04990614389123913,-0.7949093363899588,26,1,1,0.35317582653091223,0.9703091717545145,-1.5799894596308486,0
1.8742970304571835,1.3974234388713027,44,1,1,1.7663389770125135,1.2313887618801014,-1.0710553946987038,0
0.4928178283608801,-0.09023094434169616,32,1,1,0.7793678877872682,1.0573357017963765,-1.5799894596308486,0
1.0355418006129993,0.3012570512406719,36,1,1,1.0485418212123352,1.144362231838239,-1.0710553946987038,0
2.6008070751310433,2.2586970291525126,49,1,1,2.439273810575181,1.2749020269010327,-1.0710553946987038,0
0.09810948490479338,-0.5600165390405378,28,1,1,0.5101939543622013,1.0573357017963765,-1.5799894596308486,0
1.5289272299331076,0.9276378441724609,40,1,1,1.6541831714187356,1.18787549685917,-1.0710553946987038,0
0.29546365663283675,-0.35644278133770646,27,1,1,0.5550562765997125,1.0138224367754456,-1.5799894596308486,0
2.120989745117238,1.55401863710425,47,1,1,2.057944071556336,1.2313887618801014,-1.0710553946987038,0
0.6408334571569126,-0.011933345225222538,33,1,1,0.8690925322622906,1.1008489668173076,-1.5799894596308486,0
1.2328959723410426,0.5361498485900928,38,1,1,1.317715754637402,1.18787549685917,-1.0710553946987038,0
-0.09924468682324997,-0.7949093363899588,29,1,1,0.35317582653091223,0.9703091717545145,-1.5799894596308486,0
2.5156980885733247,2.1021018309195654,48,1,1,2.327118004981403,1.2749020269010327,-1.0710553946987038,0
0.39414074249685843,-0.24682614257464341,31,1,1,0.6447809210747347,1.0573357017963765,-1.0710553946987038,0
0.9862032576809885,0.2699380115940825,35,1,1,0.9588171767373128,1.144362231838239,-1.5799894596308486,0
1.6769428587291402,1.084233042405408,42,1,1,1.6093208491812245,1.18787549685917,-1.0710553946987038,0
0.2461251137008259,-0.4034213408075906,28,1,1,0.5101939543622013,0.9703091717545145,-1.5799894596308486,0
2.367682459777292,1.945506632686618,46,1,1,2.2598245216251365,1.2313887618801014,-1.0710553946987038,0
0.542156371292891,-0.09023094434169616,31,1,1,0.8017990489060238,1.0573357017963765,-1.5799894596308486,0
1.08488034354501,0.3795546503571456,37,1,1,1.1158353045686018,1.144362231838239,-1.0710553946987038,0
-0.0005676009592282952,-0.6383141381570115,27,1,1,0.3980381487684234,0.9703091717545145,-1.5799894596308486,0
1.9236355733891943,1.3974234388713027,44,1,1,1.8784947826062914,1.18787549685917,-1.5799894596308486,0
0.5914949142249017,-0.04325238487181199,33,1,1,0.8017990489060238,1.0573357017963765,-1.0710553946987038,0
1.1835574294090319,0.4578522494736192,39,1,1,1.3401469157561576,1.18787549685917,-1.0710553946987038,0
0.04877094197278254,-0.6383141381570115,26,1,1,0.420469309887179,0.9703091717545145,-1.5799894596308486,0
2.26900537391327,1.8672090335701443,48,1,1,2.214962199387625,1.2313887618801014,-1.0710553946987038,0
0.3448021995648476,-0.24682614257464341,30,1,1,0.6447809210747347,1.0573357017963765,-1.5799894596308486,0
0.8381876288849559,0.14466185300772472,35,1,1,0.9363860156185573,1.144362231838239,-1.0710553946987038,0
1.5289272299331076,0.9276378441724609,43,1,1,1.6093208491812245,1.18787549685917,-1.5799894596308486,0
0.19678657076881506,-0.5130379795706537,28,1,1,0.5326251154809569,0.9703091717545145,-1.5799894596308486,0
2.6008070751310433,2.1803994300360388,50,1,1,2.439273810575181,1.2749020269010327,-1.0710553946987038,0
0.4928178283608801,-0.09023094434169616,31,1,1,0.8017990489060238,1.0573357017963765,-1.5799894596308486,0
1.134218886477021,0.4578522494736192,37,1,1,1.2055599490436242,1.18787549685917,-1.0710553946987038,0
-0.04990614389123913,-0.7949093363899588,26,1,1,0.3083135042934011,0.9703091717545145,-1.5799894596308486,0
1.8742970304571835,1.3974234388713027,43,1,1,1.7663389770125135,1.2313887618801014,-1.0710553946987038,0
0.542156371292891,-0.011933345225222538,32,1,1,0.8466613711435349,1.0573357017963765,-1.5799894596308486,0
1.2131605551682383,0.48917128912020863,38,1,1,1.3401469157561576,1.18787549685917,-1.0710553946987038,0
0.02903552479997821,-0.669633177803601,27,1,1,0.3980381487684234,0.9703091717545145,-1.5799894596308486,0
2.4170210027093026,2.0238042318030915,47,1,1,2.327118004981403,1.2749020269010327,-1.0710553946987038,0
0.3645376167376519,-0.24682614257464341,29,1,1,0.6672120821934904,1.0573357017963765,-1.0710553946987038,0
0.9862032576809885,0.3012570512406719,36,1,1,0.9812483378560684,1.144362231838239,-1.5799894596308486,0
1.726281401661151,1.1625306415218817,43,1,1,1.6541831714187356,1.18787549685917,-1.0710553946987038,0
0.22638969652802157,-0.4817189399240643,28,1,1,0.5101939543622013,0.9703091717545145,-1.5799894596308486,0
2.2196668309812595,1.835889993923555,48,1,1,2.214962199387625,1.2313887618801014,-1.0710553946987038,0
0.6408334571569126,0.06636425389125108,32,1,1,0.8242302100247794,1.0573357017963765,-1.0710553946987038,0
1.2822345152730534,0.6144474477065665,39,1,1,1.4074403991124245,1.18787549685917,-1.5799894596308486,0
0.09810948490479338,-0.5600165390405378,26,1,1,0.3756069876496678,0.9703091717545145,-1.5799894596308486,0
0.09810948490479338,-0.6383141381570115,29,1,1,0.48776279324344574,1.0573357017963765,-1.0710553946987038,0
0.4434792854288693,-0.24682614257464341,33,1,1,0.6672120821934904,1.1008489668173076,-1.5799894596308486,0
1.3315730582050644,0.6144474477065665,41,1,1,1.542027365824958,1.18787549685917,-1.0710553946987038,0
-0.09924468682324997,-0.7949093363899588,28,1,1,0.35317582653091223,0.9703091717545145,-1.5799894596308486,0
1.0355418006129993,0.3012570512406719,36,1,1,1.160697626806113,1.144362231838239,-1.0710553946987038,0
0.19678657076881506,-0.4817189399240643,31,1,1,0.5550562765997125,1.0138224367754456,-1.5799894596308486,0
1.726281401661151,1.2408282406383555,44,1,1,1.7663389770125135,1.2313887618801014,-1.0710553946987038,0
0.5914949142249017,-0.011933345225222538,34,1,1,0.8017990489060238,1.0573357017963765,-1.5799894596308486,0
2.4170210027093026,1.8672090335701443,48,1,1,2.282255682743892,1.2749020269010327,-1.0710553946987038,0
0.29546365663283675,-0.4034213408075906,30,1,1,0.5101939543622013,1.0573357017963765,-1.5799894596308486,0
0.8875261718169668,0.14466185300772472,35,1,1,0.9363860156185573,1.144362231838239,-1.0710553946987038,0
1.5289272299331076,0.8493402450559873,42,1,1,1.6093208491812245,1.18787549685917,-1.0710553946987038,0
-0.04990614389123913,-0.7166117372734851,27,1,1,0.3756069876496678,0.9703091717545145,-1.5799894596308486,0
2.120989745117238,1.55401863710425,46,1,1,1.9906505882000693,1.2313887618801014,-1.0710553946987038,0
0.3448021995648476,-0.325123741691117,32,1,1,0.6223497599559792,1.0573357017963765,-1.5799894596308486,0
0.8381876288849559,0.22295945212419832,37,1,1,0.9812483378560684,1.144362231838239,-1.0710553946987038,0
0.14744802783680422,-0.5600165390405378,29,1,1,0.46533163212469014,1.0138224367754456,-1.5799894596308486,0
1.2822345152730534,0.6144474477065665,39,1,1,1.3850092379936687,1.144362231838239,-1.0710553946987038,0
0.542156371292891,-0.09023094434169616,33,1,1,0.7569367266685126,1.0573357017963765,-1.5799894596308486,0
0.9368647147489776,0.22295945212419832,38,1,1,1.003679498974824,1.18787549685917,-1.0710553946987038,0
0.09810948490479338,-0.6383141381570115,28,1,1,0.420469309887179,1.0138224367754456,-1.5799894596308486,0
1.8249584875251728,1.319125839754829,45,1,1,1.8336324603687804,1.2313887618801014,-1.0710553946987038,0
0.39414074249685843,-0.24682614257464341,31,1,1,0.6447809210747347,1.0573357017963765,-1.5799894596308486,0
0.7395105430209343,0.06636425389125108,34,1,1,0.8915236933810461,1.1008489668173076,-1.0710553946987038,0
1.2328959723410426,0.5361498485900928,40,1,1,1.2504222712811353,1.144362231838239,-1.5799894596308486,0
-0.0005676009592282952,-0.7166117372734851,27,1,1,0.3980381487684234,0.9703091717545145,-1.5799894596308486,0
2.26900537391327,1.7889114344536707,47,1,1,2.214962199387625,1.2313887618801014,-1.0710553946987038,0
0.4928178283608801,-0.16852854345816978,32,1,1,0.7120744044310015,1.0573357017963765,-1.5799894596308486,0
1.08488034354501,0.3795546503571456,36,1,1,1.1158353045686018,1.144362231838239,-1.0710553946987038,0
-0.04990614389123913,-0.7949093363899588,26,1,1,0.3083135042934011,0.9267959067335831,-1.5799894596308486,0
1.9236355733891943,1.3974234388713027,44,1,1,1.8784947826062914,1.18787549685917,-1.0710553946987038,0
0.5914949142249017,-0.04325238487181199,33,1,1,0.8017990489060238,1.0573357017963765,-1.5799894596308486,0
1.1835574294090319,0.4578522494736192,38,1,1,1.317715754637402,1.18787549685917,-1.0710553946987038,0
0.04877094197278254,-0.6383141381570115,27,1,1,0.420469309887179,0.9703091717545145,-1.5799894596308486,0
2.4170210027093026,2.0238042318030915,48,1,1,2.327118004981403,1.2749020269010327,-1.0710553946987038,0
0.3645376167376519,-0.24682614257464341,29,1,1,0.6672120821934904,1.0573357017963765,-1.5799894596308486,0
0.9862032576809885,0.3012570512406719,36,1,1,0.9812483378560684,1.144362231838239,-1.0710553946987038,0
1.6769428587291402,1.084233042405408,43,1,1,1.6541831714187356,1.18787549685917,-1.0710553946987038,0
0.6408334571569126,0.06636425389125108,32,1,1,0.8242302100247794,1.0573357017963765,-1.5799894596308486,0
0.542156371292891,-0.011933345225222538,31,1,1,0.7569367266685126,1.0573357017963765,-1.5799894596308486,0
-0.0005676009592282952,-0.7166117372734851,27,1,1,0.35317582653091223,0.9703091717545145,-1.5799894596308486,0
-0.2472603156192825,-0.5600165390405378,30,1,1,-0.319759007031755,0.36112346146147756,-0.5621213297665592,0
0.09810948490479338,-0.16852854345816978,34,1,1,-0.40948365150677735,0.1000438713358901,-0.5621213297665592,1
0.4434792854288693,0.3012570512406719,37,1,1,-0.11787855696295486,0.4916632565242713,-0.5621213297665592,0
-0.6419686590753692,-0.7166117372734851,28,1,1,-0.5440706182193108,-0.03049592372690362,-0.05318726483441437,1
0.8381876288849559,0.7710426459395137,40,1,1,0.1288642153433565,0.5786897865661332,-1.0710553946987038,0
0.19678657076881506,0.14466185300772472,33,1,1,-0.3646213292692662,0.23058366639868383,-0.5621213297665592,1
-0.04990614389123913,-0.325123741691117,31,1,1,-0.2524655236754883,0.4046367264824088,-0.5621213297665592,0
0.542156371292891,0.6144474477065665,38,1,1,-0.09544739584419928,0.535176521545202,-0.5621213297665592,0
-0.4939530302793367,-0.5600165390405378,29,1,1,-0.588932940456822,-0.07400918874783438,-0.05318726483441437,1
1.0355418006129993,0.9276378441724609,42,1,1,0.2185888598183788,0.6222030515870645,-1.0710553946987038,0
-0.1485832297552608,-0.4034213408075906,30,1,1,-0.2973278459129995,0.3176101964405463,-0.5621213297665592,0
0.3448021995648476,0.3012570512406719,35,1,1,-0.14030971808171044,0.44814999150334,-0.5621213297665592,0
-0.34593740148330415,-0.325123741691117,32,1,1,-0.47677713486304407,0.013017341294027622,-0.05318726483441437,1
0.7395105430209343,0.6927450468230401,39,1,1,0.03913957086833418,0.5786897865661332,-0.5621213297665592,0
0.14744802783680422,0.06636425389125108,34,1,1,-0.3421901681505106,0.27409693141961505,-0.5621213297665592,1
-0.09924468682324997,-0.24682614257464341,31,1,1,-0.23003436255673274,0.36112346146147756,-0.5621213297665592,0
0.4928178283608801,0.4578522494736192,37,1,1,-0.0730162347254437,0.4916632565242713,-0.5621213297665592,0
-0.5926301161433584,-0.6383141381570115,28,1,1,-0.5665017793380664,-0.03049592372690362,-0.05318726483441437,1
0.9368647147489776,0.9276378441724609,41,1,1,0.1961576986996232,0.6222030515870645,-1.0710553946987038,0
-0.19792177268727165,-0.325123741691117,30,1,1,-0.2748966847942439,0.3176101964405463,-0.5621213297665592,0
0.2461251137008259,0.22295945212419832,35,1,1,-0.162740879200466,0.44814999150334,-0.5621213297665592,0
-0.395275944415315,-0.4817189399240643,29,1,1,-0.5216394571005553,0.013017341294027622,-0.05318726483441437,1
0.04877094197278254,-0.011933345225222538,33,1,1,-0.3646213292692662,0.23058366639868383,-0.5621213297665592,1
-0.04990614389123913,-0.24682614257464341,31,1,1,-0.2524655236754883,0.36112346146147756,-0.5621213297665592,0
0.6408334571569126,0.6144474477065665,38,1,1,-0.02815391248793255,0.535176521545202,-0.5621213297665592,0
-0.5432915732113475,-0.5600165390405378,28,1,1,-0.5665017793380664,-0.07400918874783438,-0.05318726483441437,1
1.0355418006129993,1.0059354432889345,42,1,1,0.24102002093713437,0.6657163166079958,-1.0710553946987038,0
-0.1485832297552608,-0.325123741691117,30,1,1,-0.2973278459129995,0.3176101964405463,-0.5621213297665592,0
0.29546365663283675,0.3012570512406719,35,1,1,-0.14030971808171044,0.44814999150334,-0.5621213297665592,0
-0.2965988585512933,-0.4034213408075906,32,1,1,-0.47677713486304407,0.05653060631495886,-0.05318726483441437,1
0.7888490859529451,0.7397236062929242,39,1,1,0.061570731987089754,0.5786897865661332,-0.5621213297665592,0
0.19678657076881506,0.14466185300772472,34,1,1,-0.319759007031755,0.27409693141961505,-0.5621213297665592,1
-0.04990614389123913,-0.16852854345816978,31,1,1,-0.23003436255673274,0.36112346146147756,-0.5621213297665592,0
0.542156371292891,0.5361498485900928,37,1,1,-0.05058507360668813,0.535176521545202,-0.5621213297665592,0
-0.4939530302793367,-0.5130379795706537,29,1,1,-0.5440706182193108,-0.03049592372690362,-0.05318726483441437,1
0.9862032576809885,0.9276378441724609,41,1,1,0.1961576986996232,0.6222030515870645,-1.0710553946987038,0
-0.34593740148330415,-0.4034213408075906,32,1,1,-0.47677713486304407,0.013017341294027622,-0.05318726483441437,1
0.09810948490479338,-0.011933345225222538,33,1,1,-0.3646213292692662,0.23058366639868383,-0.5621213297665592,1
-0.5432915732113475,-0.09023094434169616,30,1,1,-0.8356757127631333,-0.7702214290827337,0.4557468000977304,1
0.09810948490479338,0.8493402450559873,36,1,1,-0.7683822294068666,-0.9442744891664587,0.9646808650298752,1
-0.9379999166674342,-0.7166117372734851,27,1,1,-0.9478315183569112,-1.3358938743548394,0.4557468000977304,1
0.6408334571569126,1.6323162362207235,44,1,1,-0.7010887460505999,-0.6831948990408713,1.4736149299620198,1
-0.1485832297552608,0.4578522494736192,33,1,1,-0.8244601322037556,-0.98778775418739,0.4557468000977304,1
-0.7899842878714017,-0.4817189399240643,29,1,1,-0.9254003572381556,-1.2488673443129772,-0.05318726483441437,1
0.3448021995648476,1.2408282406383555,41,1,1,-0.7235199071693554,-0.813734694103665,-0.05318726483441437,1
-1.036677002531456,-0.7949093363899588,26,1,1,-0.979235143923169,-1.4229204043967019,0.4557468000977304,1
0.8875261718169668,2.0238042318030915,48,1,1,-0.6562264238130887,-0.5961683689990088,0.9646808650298752,1
-0.395275944415315,0.06636425389125108,32,1,1,-0.8581068738818889,-1.0748142842292523,0.4557468000977304,1
0.19678657076881506,1.0059354432889345,37,1,1,-0.745951068288111,-0.9007612241455275,0.4557468000977304,1
-0.8886613737354234,-0.6383141381570115,28,1,1,-0.9366159377975334,-1.3358938743548394,-0.05318726483441437,1
0.542156371292891,1.5226995974576605,45,1,1,-0.6786575849318442,-0.7267081640618025,1.4736149299620198,1
-0.2965988585512933,0.22295945212419832,35,1,1,-0.8356757127631333,-1.031301019208321,0.4557468000977304,1
-0.6419686590753692,-0.24682614257464341,31,1,1,-0.9029691961194001,-1.2053540792920459,-0.05318726483441437,1
0.8381876288849559,1.945506632686618,49,1,1,-0.6450108432537109,-0.552655103978078,0.9646808650298752,1
-0.4939530302793367,-0.04325238487181199,30,1,1,-0.8760518027768933,-1.1183275492501834,0.4557468000977304,1
0.29546365663283675,1.1625306415218817,40,1,1,-0.7235199071693554,-0.813734694103665,-0.05318726483441437,1
-0.9873384595994451,-0.7949093363899588,27,1,1,-0.9702626794756668,-1.3794071393757705,0.4557468000977304,1
0.6408334571569126,1.6323162362207235,46,1,1,-0.6786575849318442,-0.6831948990408713,1.4736149299620198,1
-0.44461448734732584,-0.011933345225222538,32,1,1,-0.86259310610564,-1.0748142842292523,0.4557468000977304,1
0.14744802783680422,0.9276378441724609,38,1,1,-0.7571666488474889,-0.9442744891664587,0.4557468000977304,1
-1.0564124197042601,-0.8888664553297271,26,1,1,-0.9837213761469201,-1.4664336694176332,0.4557468000977304,1
